-- phpMyAdmin SQL Dump
-- version 4.7.7
-- https://www.phpmyadmin.net/
--
-- Host: 127.0.0.1
-- Generation Time: 04-Ago-2018 às 21:55
-- Versão do servidor: 10.1.30-MariaDB
-- PHP Version: 7.2.2

SET SQL_MODE = "NO_AUTO_VALUE_ON_ZERO";
SET AUTOCOMMIT = 0;
START TRANSACTION;
SET time_zone = "+00:00";


/*!40101 SET @OLD_CHARACTER_SET_CLIENT=@@CHARACTER_SET_CLIENT */;
/*!40101 SET @OLD_CHARACTER_SET_RESULTS=@@CHARACTER_SET_RESULTS */;
/*!40101 SET @OLD_COLLATION_CONNECTION=@@COLLATION_CONNECTION */;
/*!40101 SET NAMES utf8mb4 */;

--
-- Database: `sise`
--

-- --------------------------------------------------------

--
-- Estrutura da tabela `locations`
--


--
-- Extraindo dados da tabela `locations`
--

INSERT INTO `locations` (`name`, `id`, `postal_code`, `adress_number`, `adress_complement`, `full_adress`, `district`, `city`, `state`, `reference_point`, `work_days`, `open_hours`, `Close_hour`, `manager_name`, `manager_phone_number`, `manager_email`, `created_at`, `updated_at`) VALUES
('TEATRO GUARANY', 13, '11010-100', '100', NULL, 'Praça dos Andradas', 'Centro', 'Santos', 'SP', NULL, NULL, NULL, NULL, NULL, NULL, NULL, '2018-08-03 17:49:45', '2018-08-03 17:49:45'),
('Teatro Municipal Braz Cubas', 14, '11075-907', '48', NULL, 'Av. Senador Pinheiro Machado', 'Vila Mathias', 'Santos', 'SP', NULL, NULL, NULL, NULL, NULL, NULL, NULL, '2018-08-03 17:51:28', '2018-08-03 17:51:28'),
('SEDUC', 15, '11010-100', '27', NULL, 'Praça dos Andradas', 'centro', 'santos', 'sp', NULL, NULL, NULL, NULL, NULL, NULL, NULL, '2018-08-03 17:52:47', '2018-08-03 17:52:47'),
('Arena Santos', 17, '11013-552', '184', NULL, 'Av. Rangel Pestana', 'Vila Matias', 'Santos', 'SP', NULL, NULL, NULL, NULL, NULL, NULL, NULL, '2018-08-03 18:02:04', '2018-08-03 18:02:04'),
('SESC - santos', 18, '11040-900', '136', NULL, 'Rua Conselheiro Ribas', 'Aparecida', 'Santos', 'SP', NULL, NULL, NULL, NULL, NULL, NULL, NULL, '2018-08-03 18:08:45', '2018-08-03 18:08:45'),
('UNILUS - Campus 3', 19, '11015-101', '265', NULL, 'Rua Batista Pereira', 'Macuco', 'Santos', 'SP', NULL, NULL, NULL, NULL, NULL, NULL, NULL, '2018-08-03 18:10:24', '2018-08-03 18:10:24'),
('São Judas Tadeu Campus Unimonte', 20, '11015-530', '52', NULL, 'Rua Comendador Martins', 'Vila Matias', 'santos', 'sp', NULL, NULL, NULL, NULL, NULL, NULL, NULL, '2018-08-03 18:13:37', '2018-08-03 18:13:37'),
('UNIP Santos', 21, '11045-300', '0', NULL, 'Avenida Francisco Manoel', 'Vila Matias', 'santos', 'sp', NULL, NULL, NULL, NULL, NULL, NULL, NULL, '2018-08-03 18:18:50', '2018-08-03 18:18:50'),
('Centro de Capacitação Prof. Darcy Ribeiro', 22, '11075-300', '40', 'A', 'Rua São Paulo', 'Vila Matias', '11075-300', 'SP', NULL, NULL, NULL, NULL, NULL, NULL, NULL, '2018-08-03 18:25:44', '2018-08-03 18:25:44'),
('COSUP', 23, '11010-100', '27', NULL, 'Praça dos Andradas', 'Centro', 'Santos', 'SP', NULL, NULL, NULL, NULL, NULL, NULL, NULL, '2018-08-03 18:29:01', '2018-08-03 18:29:01'),
('Delegacia da receita federal santos', 24, '11075-355', '17', '1° andar', 'Av. Dr. Bernardino de Campos', 'Vila Belmiro', 'Santos', 'SP', NULL, NULL, NULL, NULL, NULL, NULL, NULL, '2018-08-03 18:30:59', '2018-08-03 18:30:59'),
('Fundação Parque Tecnológico de Santos', 25, '11013-350', '34', '4° andar', 'Rua Sete de Setembro', 'Vila Nova', 'Santos', 'SP', NULL, NULL, NULL, NULL, NULL, NULL, NULL, '2018-08-03 18:32:33', '2018-08-03 18:32:33'),
('Jardim Botânico Chico Mendes', 26, '11089-230', '0', NULL, 'R. João Fracarolli', 'Bom Retiro', 'Santos', 'SP', NULL, NULL, NULL, NULL, NULL, NULL, NULL, '2018-08-03 18:34:14', '2018-08-03 18:34:14');

-- --------------------------------------------------------

--
-- Estrutura da tabela `rooms`
--


--
-- Extraindo dados da tabela `rooms`
--

INSERT INTO `rooms` (`id`, `name`, `descripition`, `capacity`, `avaible_video_projector`, `avaible_AC`, `avaible_seats`, `seats_type`, `location_id`, `created_at`, `updated_at`) VALUES
(5, 'Auditório Ozires', 'B5 - térreo', NULL, 0, 0, NULL, NULL, 20, '2018-08-03 19:34:17', '2018-08-03 19:34:17'),
(6, 'Auditório Ozires', 'B5 - térreo', NULL, 0, 0, NULL, NULL, 20, '2018-08-03 19:34:17', '2018-08-03 19:34:17'),
(7, 'Auditório BC', '4º andar', NULL, 0, 0, NULL, NULL, 20, '2018-08-03 19:35:33', '2018-08-03 19:35:33'),
(8, 'Sala 101 Bl. B', '1ºAndar', NULL, 0, 0, NULL, NULL, 20, '2018-08-03 19:36:32', '2018-08-03 19:36:32'),
(9, 'Sala 103 Bl. B', '1ºAndar', NULL, 0, 0, NULL, NULL, 20, '2018-08-03 19:37:14', '2018-08-03 19:37:14'),
(10, 'Sala 104 Bl. B', '1ºAndar', NULL, 0, 0, NULL, NULL, 20, '2018-08-03 19:38:13', '2018-08-03 19:38:13'),
(11, 'Sala 201 Bl. B', '2º andar', NULL, 0, 0, NULL, NULL, 20, '2018-08-03 19:39:12', '2018-08-03 19:39:12'),
(12, 'Sala 203 Bl. B', '2º andar', NULL, 0, 0, NULL, NULL, 20, '2018-08-03 19:40:08', '2018-08-03 19:40:08'),
(13, 'Sala 110', '1º andar', NULL, 0, 0, NULL, NULL, 19, '2018-08-04 19:02:59', '2018-08-04 19:02:59'),
(14, 'Sala 111', '1º andar', NULL, 0, 0, NULL, NULL, 19, '2018-08-04 19:03:46', '2018-08-04 19:03:46'),
(15, 'sala 112', '1º andar', NULL, 0, 0, NULL, NULL, 19, '2018-08-04 19:05:38', '2018-08-04 19:05:38'),
(16, 'Sala 113', '1ºandar', NULL, 0, 0, NULL, NULL, 19, '2018-08-04 19:06:19', '2018-08-04 19:06:19'),
(17, 'Sala 114', '1º andar', NULL, 0, 0, NULL, NULL, 19, '2018-08-04 19:07:03', '2018-08-04 19:07:03'),
(18, 'Sala 115', '1º andar', NULL, 0, 0, NULL, NULL, 19, '2018-08-04 19:07:39', '2018-08-04 19:07:39'),
(19, 'Salas 301', '3º andar', NULL, 0, 0, NULL, NULL, 19, '2018-08-04 19:10:17', '2018-08-04 19:10:17'),
(20, 'Sala 302', '3º andar', NULL, 0, 0, NULL, NULL, 19, '2018-08-04 19:10:44', '2018-08-04 19:10:44'),
(21, 'Sala 303', '3º andar', NULL, 0, 0, NULL, NULL, 19, '2018-08-04 19:11:48', '2018-08-04 19:11:48'),
(22, 'Sala 304', '3º andar', NULL, 0, 0, NULL, NULL, 19, '2018-08-04 19:12:11', '2018-08-04 19:12:11'),
(23, 'Sala 305', '3º andar', NULL, 0, 0, NULL, NULL, 19, '2018-08-04 19:12:43', '2018-08-04 19:12:43'),
(24, 'Sala 306', '3º andar', NULL, 0, 0, NULL, NULL, 19, '2018-08-04 19:13:06', '2018-08-04 19:13:06'),
(25, 'Sala 307', '3º andar', NULL, 0, 0, NULL, NULL, 19, '2018-08-04 19:13:39', '2018-08-04 19:13:39'),
(26, 'Sala 202 Bl. B', '2º andar', NULL, 0, 0, NULL, NULL, 19, '2018-08-04 19:15:53', '2018-08-04 19:15:53'),
(27, 'Sala 204 Bl. B', '2º andar', NULL, 0, 0, NULL, NULL, 20, '2018-08-04 19:16:43', '2018-08-04 19:16:43'),
(28, 'Sala 202 Bl. B', '2º andar', NULL, 0, 0, NULL, NULL, 20, '2018-08-04 19:17:29', '2018-08-04 19:17:29'),
(29, 'Espaço HSM B12', '2º andar', NULL, 0, 0, NULL, NULL, 20, '2018-08-04 19:18:27', '2018-08-04 19:18:27'),
(30, 'Sala 203 B12', '2º andar', NULL, 0, 0, NULL, NULL, 20, '2018-08-04 19:19:11', '2018-08-04 19:19:11'),
(31, 'Sala 204 B12', '2º andar', NULL, 0, 0, NULL, NULL, 20, '2018-08-04 19:19:39', '2018-08-04 19:19:39'),
(32, 'Sala 205 B12', '2º andar', NULL, 0, 0, NULL, NULL, 20, '2018-08-04 19:20:34', '2018-08-04 19:20:34'),
(33, 'Sala 208 B12', '2º andar', NULL, 0, 0, NULL, NULL, 20, '2018-08-04 19:21:20', '2018-08-04 19:21:20'),
(34, 'LABORATÓRIO BC - 102', '1º Andar', NULL, 0, 0, NULL, NULL, 20, '2018-08-04 19:21:58', '2018-08-04 19:21:58'),
(35, 'LABORATÓRIO BC - 101', '1º ANDAR', NULL, 0, 0, NULL, NULL, 20, '2018-08-04 19:24:17', '2018-08-04 19:24:17'),
(36, 'Lab 1 - Siges', '2º andar', NULL, 0, 0, NULL, NULL, 22, '2018-08-04 19:25:23', '2018-08-04 19:25:23'),
(37, 'Lab 3 - AVAs', '2º andar', NULL, 0, 0, NULL, NULL, 22, '2018-08-04 19:25:59', '2018-08-04 19:25:59'),
(38, 'SALA - NuED', '1º andar', NULL, 0, 0, NULL, NULL, 22, '2018-08-04 19:26:40', '2018-08-04 19:26:40'),
(39, 'SALA 1', NULL, NULL, 0, 0, NULL, NULL, 22, '2018-08-04 19:27:16', '2018-08-04 19:27:16'),
(40, 'SALA 2', NULL, NULL, 0, 0, NULL, NULL, 22, '2018-08-04 19:27:34', '2018-08-04 19:27:34'),
(41, 'SALA 3', NULL, NULL, 0, 0, NULL, NULL, 22, '2018-08-04 19:28:07', '2018-08-04 19:28:07'),
(42, 'SALA 4', NULL, NULL, 0, 0, NULL, NULL, 22, '2018-08-04 19:28:21', '2018-08-04 19:28:21'),
(43, 'Auditório', '2º andar', NULL, 0, 0, NULL, NULL, 22, '2018-08-04 19:28:50', '2018-08-04 19:28:50'),
(44, 'Auditório', NULL, NULL, 0, 0, NULL, NULL, 24, '2018-08-04 20:19:28', '2018-08-04 20:19:28'),
(45, 'Auditório', NULL, NULL, 0, 0, NULL, NULL, 21, '2018-08-04 20:20:14', '2018-08-04 20:20:14'),
(46, 'Auditório', NULL, NULL, 0, 0, NULL, NULL, 15, '2018-08-04 20:22:28', '2018-08-04 20:22:28'),
(47, 'SALA DE REUNIÕES', NULL, NULL, 0, 0, NULL, NULL, 23, '2018-08-04 20:23:15', '2018-08-04 20:23:15'),
(48, 'Sala 2', NULL, NULL, 0, 0, NULL, NULL, 18, '2018-08-04 20:23:45', '2018-08-04 20:23:45'),
(49, 'Sala 42', NULL, NULL, 0, 0, NULL, NULL, 18, '2018-08-04 20:24:10', '2018-08-04 20:24:10'),
(50, 'Sala 32', NULL, NULL, 0, 0, NULL, NULL, 18, '2018-08-04 20:24:34', '2018-08-04 20:24:34'),
(51, 'Auditório', NULL, NULL, 0, 0, NULL, NULL, 18, '2018-08-04 20:24:57', '2018-08-04 20:24:57'),
(52, 'Sala 1', NULL, NULL, 0, 0, NULL, NULL, 18, '2018-08-04 20:25:34', '2018-08-04 20:25:34'),
(53, 'GINÁSIO', NULL, NULL, 0, 0, NULL, NULL, 18, '2018-08-04 20:25:54', '2018-08-04 20:25:54'),
(54, 'SALA 1 Jogos Estratégicos', NULL, NULL, 0, 0, NULL, NULL, 25, '2018-08-04 20:27:37', '2018-08-04 20:27:37'),
(55, 'SALA   Cultura Empreendedora', NULL, NULL, 0, 0, NULL, NULL, 25, '2018-08-04 20:28:08', '2018-08-04 20:28:08'),
(56, 'SALA  Linguagem de Programação', NULL, NULL, 0, 0, NULL, NULL, 25, '2018-08-04 20:28:53', '2018-08-04 20:28:53'),
(57, 'Sala Robótica', NULL, NULL, 0, 0, NULL, NULL, 25, '2018-08-04 20:29:19', '2018-08-04 20:29:19'),
(58, 'Sala Robótica', NULL, NULL, 0, 0, NULL, NULL, 25, '2018-08-04 20:29:20', '2018-08-04 20:29:20'),
(59, 'Auditório', NULL, NULL, 0, 0, NULL, NULL, 25, '2018-08-04 20:30:54', '2018-08-04 20:30:54'),
(60, 'Sala 117', NULL, NULL, 0, 0, NULL, NULL, 19, '2018-08-04 20:35:05', '2018-08-04 20:35:05'),
(61, 'Teatro', NULL, NULL, 0, 0, NULL, NULL, 19, '2018-08-04 20:36:19', '2018-08-04 20:36:19'),
(62, 'Lab 2 - CEREJA', '2º Andar', NULL, 0, 0, NULL, NULL, 22, '2018-08-04 20:39:32', '2018-08-04 20:39:32'),
(63, 'Sala 206 B12', '2ºandar', NULL, 0, 0, NULL, NULL, 20, '2018-08-04 20:46:44', '2018-08-04 20:46:44');

-- --------------------------------------------------------



--
-- Extraindo dados da tabela `speakers`
--

INSERT INTO `speakers` (`name`, `id`, `type`, `linkedin`, `facebook`, `twitter`, `small_desc`, `picture`, `website`, `created_at`, `updated_at`) VALUES
('Solange Petrosino', 3, 'Palestrante', NULL, NULL, NULL, 'Mestre em Saúde Pública, pedagoga, bióloga e responsável por serviços educacionais da Moderna.', NULL, NULL, '2018-08-03 16:24:59', '2018-08-03 16:24:59'),
('Dr. Chao Lung Wen', 4, NULL, NULL, NULL, NULL, 'Professor Livre Docente/ Associado pela Faculdade de Medicina da USP\r\nCoordenador e criador do Projeto Jovem Doutor e Homem Virtual\r\nCoordenador dos Projetos Pró-Inovação para educação.\r\nDocente da Pós-Graduação FMUSP\r\nTem acompanhado todas as edições do Santos Jovem Doutor desde 2015.\r\nUm grande estimulador dos 700 Jovens Doutores que passaram por este projeto nos últimos 4 anos.', NULL, NULL, '2018-08-03 16:25:28', '2018-08-03 16:25:28'),
('Rita Nascimento', 5, 'Palestrante', NULL, NULL, NULL, 'Graduada em Educação Física - UNIMES\r\nPós-graduação em dança-educação pela UNIABC. Estudou danças brasileiras, dança clássica e contemporânea. Arte Contemporânea para educadores -Instituto Tomie Ohtake. Cursou 1 ano de mestrado na UNICAMP. Integrante da equipe de formadores da Seção de Formação e Equipe do Projeto Santos à Luz da Leitura da Secretaria de Educação de Santos.', NULL, NULL, '2018-08-03 16:26:38', '2018-08-03 16:26:38'),
('Alexandre Jusis Blanco', 6, 'Palestrante', NULL, NULL, NULL, 'Engenheiro mecânico e engenheiro de petróleo pela Universidade Santa Cecília, Mestre em Engenharia Mecânica e Doutorando em Engenharia Química pela Universidade de São Paulo (USP). Professor nas Universidades Santa Cecília e ESAMC em curso de graduação e pós-graduação na área de Engenharia. Experiência na área de Equipamentos Industriais e Manutenção Mecânica. Consultoria em plantas de gás de cozinha e industrial (ULTRAGAS/SP), supervisão de manutenção portuária, trabalhos em diversas empresas quanto instalação e manutenção do estado da arte de monitoramento de transformadores, equipamentos industriais, tubulações de pétroleo-água-produtos químicos, estruturas metálicas, telhados e aporte estrutural industrial.', NULL, NULL, '2018-08-03 16:27:01', '2018-08-03 16:27:01'),
('Bruno Bispo', 7, 'Palestrante', NULL, NULL, NULL, 'Professor de Arte da rede municipal de Santos, produz histórias em quadrinhos há dez anos publicando em revistas independentes de Portugal e em coletâneas do Brasil, concorreu ao prêmio Central Comics de Portugal como melhor obra curta. Publicou em 2015 e 2016 revistas independentes pelo selo Bispo Freundt.', NULL, NULL, '2018-08-03 16:27:16', '2018-08-03 16:27:16'),
('Claudia Maria Rodrigues Alonso', 8, 'Palestrante', NULL, NULL, NULL, 'Mestre em Educação pela FEUSP, Graduada e Licenciada em Letras - Português -Francês pela FFLCH - USP. Professora do ensino superior há dez anos. Integrante da equipe de formadores da Seção de Formação e Equipe do Projeto Santos à Luz da Leitura da Secretaria de Educação de Santos.', NULL, NULL, '2018-08-03 16:28:32', '2018-08-03 16:28:32'),
('Marisa Carvalho Pires de Freitas', 9, 'Palestrante', NULL, NULL, NULL, 'Especialista em Literatura Brasileira pela Universidade São Judas Tadeu, Pedagoga com extensão universitária em AEE pela Universidade Federal de Goiás, Licenciada em Letras Português/Inglês/Espanhol pela Universidade Católica de Santos. Professora de Língua Portuguesa e Inglesa na rede municipal de educação de Santos. Integrante da equipe de formadores da Seção de Formação e Equipe do Projeto Santos à Luz da Leitura da Secretaria de Educação de Santos.', NULL, NULL, '2018-08-03 16:28:55', '2018-08-03 16:28:55'),
('Ana Laura Benevenuto Amorim', 10, 'Palestrante', NULL, NULL, NULL, 'Nutricionista pela Universidade Federal de São Paulo, Mestre em Ciências e Doutoranda em Ciências da Saúde pela Universidade Federal de São Paulo (UNIFESP). Assessoria técnica administrativa no Centro Colaborador em Alimentação e Nutrição Escolar, junto ao Fundo Nacional de Desenvolvimento da Educação (FNDE). Experiência na área de Alimentação Coletiva com interface em Políticas Públicas de Segurança Alimentar e Nutricional com ênfase na Alimentação Escolar, atuando principalmente na Agricultura familiar, Controle de qualidade e Educação Alimentar e Nutricional.', NULL, NULL, '2018-08-03 16:29:08', '2018-08-03 16:29:08'),
('Valéria Vegas', 11, 'Palestrante', NULL, NULL, NULL, 'Graduada em Pedagogia pela UNISANTOS. Especialista em Ética Valores e Cidadania na Escola pela USP e Tecnologias na Aprendizagem pelo Centro Universitário SENAC. Coordenadora Pedagógica e Professora de Educação Infantil na UME Dos Andradas/Santos- SP. Integrante da Seção de Formação e Equipe do Projeto Santos à Luz da Leitura da Secretaria de Educação de Santos.', NULL, NULL, '2018-08-03 16:29:18', '2018-08-03 16:29:18'),
('Cauê Alonso Talarico', 12, 'Palestrante', NULL, NULL, NULL, 'Advogado, Mestre em Direito, Professor. Presidente da comissão de direitos humanos da pessoa com deficiência da OAB Santos.', NULL, NULL, '2018-08-03 16:30:24', '2018-08-03 16:30:24'),
('Guadalupe Martins Rubido Sauda', 13, 'Palestrante', NULL, NULL, NULL, 'Nutricionista pela Faculdade Paulista de Ciências da Saúde e especialista em Saúde Pública. Supervisão técnica da alimentação escolar em unidades escolares na Prefeitura Municipal de Santos. Professora e coordenadora do curso técnico em Nutrição e Dietética na ETEC Dona Escolástica Rosa.', NULL, NULL, '2018-08-03 16:30:29', '2018-08-03 16:30:29'),
('Márcia Maria Castanheira', 14, 'Palestrante', NULL, NULL, NULL, 'Nutricionista pela Universidade Católica de Santos, especialista nas áreas de nutrição materno-infantil, administração de empresas e fitoterapia integrativa a nutrição, e Mestre em Nutrição pela Universidade Federal de São Paulo (UNIFESP). Supervisão técnica da alimentação escolar em unidades escolares na Prefeitura Municipal de Santos.', NULL, NULL, '2018-08-03 16:31:05', '2018-08-03 16:31:05'),
('Cristiane Zamari Diogo', 15, 'Palestrante', NULL, NULL, NULL, 'Advogada, Vice-Presidente do Condefi, moderadora do GRUPO HAPPYDOWN, membro da Comissão dos Direitos das Pessoas com Deficiência da OAB/Santos, Pós-graduada em Gestão Educacional pela faculdade Damásio de Jesus.', NULL, NULL, '2018-08-03 16:31:13', '2018-08-03 16:31:13'),
('Lucelmo Lacerda', 16, 'Palestrante', NULL, NULL, NULL, 'Doutor em Educação pela PUC-SP e Pós Doutorando em Educação Especial pela a UFSCar, pesquisador em autismo e inclusão e autor do livro “Transtorno do Espectro autista: uma brevíssima introdução”.', NULL, NULL, '2018-08-03 16:31:54', '2018-08-03 16:31:54'),
('Kátia Antonia de Castro Dias', 17, 'Palestrante', NULL, NULL, NULL, 'Nutricionista pela Universidade Federal de Ouro Preto (UFOP), pós-graduada nas áreas de Qualidades de Alimentos e Gestão Escolar. Professora do curso técnico em Nutrição e Dietética na ETEC Dona Escolástica Rosa. Experiência na área de alimentação escolar.', NULL, NULL, '2018-08-03 16:31:55', '2018-08-03 16:31:55'),
('Sandra Maria Pela', 18, 'Palestrante', NULL, NULL, NULL, 'Doutora e Mestre, Especialista e Graduada em Fonoaudiologia pela UNIFESP. Professora do Curso de Fonoaudiologia Centro Universitário Lusíada. Fonoaudióloga Clínica.', NULL, NULL, '2018-08-03 16:32:29', '2018-08-03 16:32:29'),
('Sandra Maria Pela', 19, 'Palestrante', NULL, NULL, NULL, 'Doutora e Mestre, Especialista e Graduada em Fonoaudiologia pela UNIFESP. Professora do Curso de Fonoaudiologia Centro Universitário Lusíada. Fonoaudióloga Clínica.', NULL, NULL, '2018-08-03 16:32:29', '2018-08-03 16:32:29'),
('Camila Genaro', 20, 'Palestrante', NULL, NULL, NULL, 'Acadêmica-Patrona da cadeira 18 da Academia Brasileira de Contadores de Histórias (ABCH), assumindo a Presidência Executiva na gestão 2016/2018; Apresentadora de TV, Educadora e Contadora de Histórias. Lançou seu primeiro livro em 2017.\r\nVencedora do Prêmio Anitta Garibaldi nos quesitos “cultura de Paz e Incentivo à Leitura” e do Troféu “Destaque do Dia” do 7° Seminário A Arte de Contar Histórias que aconteceu na programação da 60ª Feira do Livro de Porto Alegre. Menção Honrosa durante cinco anos consecutivos na Câmara Federal de Deputados, em Brasília.\r\nCuradora do I FECONTH de Balneário Camburiú, idealizadora da Mostra de Contadores de Histórias da Baixada Santista e diretora do documentário “História Oral da Gente de Santos”.\r\nNo Youtube tem o canal “Camila Genaro”, onde divulga seus vídeos, entrevistas, apresentações e o programa de TV.', NULL, NULL, '2018-08-03 16:32:38', '2018-08-03 16:32:38'),
('Ana Cláudia Garcia Callejon Losada', 21, 'Palestrante', NULL, NULL, NULL, 'Especialista em Neurociências pela FAB. Graduada e Professora do Curso de Fonoaudiologia do Centro Universitário Lusíada. Fonoaudióloga Clínica do Hospital Vitória e Home Care.', NULL, NULL, '2018-08-03 16:32:54', '2018-08-03 16:32:54'),
('Suely Veríssimo', 22, 'Palestrante', NULL, NULL, NULL, 'Educadora de Educação Física, coordena projetos na Seção de Projetos Educacionais Especiais, no Departamento Pedagógico da Secretaria de Educação.', NULL, NULL, '2018-08-03 16:33:10', '2018-08-03 16:33:10'),
('Fábio Serrão Franco', 23, 'Palestrante', NULL, NULL, NULL, 'Psicólogo e Psicanalista. Doutor em Psicologia clínica pela USP.  Membro filiado ao Instituto de Psicanálise da Sociedade Brasileira de Psicanálise de São Paulo. Servidor da Prefeitura Municipal de Santos lotado no CAPS da Vila (antigo NAPS 4).', NULL, NULL, '2018-08-03 16:33:19', '2018-08-03 16:33:19'),
('Fernanda Cockell', 24, 'Palestrante', NULL, NULL, NULL, 'Professora Doutora da Universidade Federal de São Paulo – campus Baixada Santista. Departamento de políticas públicas e saúde coletiva (DPPSC).', NULL, NULL, '2018-08-03 16:34:00', '2018-08-03 16:34:00'),
('Claudia Giardino', 25, 'Palestrante', NULL, NULL, NULL, 'Assessora Pedagógica da Editora do Brasil, pedagoga pela Faculdade de Filosofia Ciências e Letras Tibiriçá e especialista em Tecnologias da Aprendizagem pelo SENAC', NULL, NULL, '2018-08-03 16:34:24', '2018-08-03 16:34:24'),
('Adriana Negreiros Campos', 26, 'Palestrante', NULL, NULL, NULL, 'Educadora da área de História, coordena projetos na Seção de Projetos Educacionais Especiais, no Departamento Pedagógico da Secretaria de Educação.', NULL, NULL, '2018-08-03 16:34:55', '2018-08-03 16:34:55'),
('Imar Lopes', 27, 'Palestrante', NULL, NULL, NULL, 'Cigana de Etnia Calon, moradora de Santos há 41 anos, fundadora do Grupo de Mulheres Ciganas Tsara Romai, Membro do Conselho de Igualdade Racial de Santos e Organizadora da Festa de Santa Sarah há 12 anos.', NULL, NULL, '2018-08-03 16:35:14', '2018-08-03 16:35:14'),
('Milene Correia de Oliveira', 28, 'Palestrante', NULL, NULL, NULL, 'Seção de Ecoturismo da Setur', NULL, NULL, '2018-08-03 16:35:26', '2018-08-03 16:35:26'),
('Iva Passos', 29, 'Palestrante', NULL, NULL, NULL, 'Arte-educadora, Mestre pela Universidade Metropolitana de Santos. Autora e coordenadora do Projeto Brinquemusicando, criado em 2003. Apresentou o mencionado projeto em vários Congressos no Brasil e no FLADEM (Fórum latino Americano de Educação Musical) na Costa Rica em 2012. \r\nDiretora Cênica e Musical do Coral Céu da Boca, criado em 2005, vem apresentando os trabalhos de pesquisa do referido grupo em Santos e região metropolitana, São Paulo e interior, Minas Gerais, Rio de Janeiro e Rio Grande do Sul.', NULL, NULL, '2018-08-03 16:36:12', '2018-08-03 16:36:12'),
('Rosana Sartori', 30, 'Palestrante', NULL, NULL, NULL, 'Terapeuta Corporal holístico desde 2007 pelo Núcleo de Desenvolvimento de terapeutas Saint Germain.\r\nAtua desde 2008 na área de Técnicas em Programação Neolinguística, Liderança, Inteligência Interpessoal e Comunicação Eficaz com formação pela Escola de Executivos e Negócios Instituto Albuquerque.\r\nExperiência de mais de dez anos atuando no segmento de gestão, controle, redução de peso e ganho de massa magra, com acompanhamento personalizado.\r\nDesenvolve o projeto de Consultoria personalizada para emagrecimento e qualidade de vida, no qual mantém parceria com a Prefeitura Municipal de Santos há mais de sete anos.\r\nAtua como Mentora do Bem-estar no Programa de Gestão de Cuidados Integrativos à Saúde, desenvolvido pela CAPEP-SAUDE, junto a Prefeitura Municipal de Santos, projeto este cujo objetivo é edificar um dos maiores patrimônios... a saúde humana!', NULL, NULL, '2018-08-03 16:37:24', '2018-08-03 16:37:24'),
('Adriano Gonzaga', 31, 'Palestrante', NULL, NULL, NULL, 'Formado em Pedagogia pela Universidade de Ribeirão Preto – Campus Guarujá;\r\nPós-graduado em Psicopedagogia, Alfabetização e Letramento e Direito Educacional. Especialista em Ludopedagogia, Educação Infantil e Africanidades;\r\nProfessor de Primeira Infância na Prefeitura Municipal de Bertioga desde 2010.\r\nEm 2015, recebeu do Conselho da Comunidade Negra de Santos o Troféu Zumbi dos Palmares pela sua atuação com as questões étnicorraciais na Educação Infantil;\r\nCompõe a Equipe Pedagógica da Secretaria de Educação de Bertioga, onde coordena os Professores de Primeira Infância dos Núcleos de Educação Infantil do município;\r\nEspecialista em práticas lúdicas e étnicorraciais na infância.', NULL, NULL, '2018-08-03 16:37:58', '2018-08-03 16:37:58'),
('Silvia Soares', 32, 'Palestrante', NULL, NULL, NULL, 'Psicopedagoga, psicomotricista e mediadora no Espaço Sondar e psicopedagoga responsável pelo diagnóstico multidisciplicar na Instituição 30 de Julho, em Santos. Psicopedagoga no Espaço Acolher & Cuidar, em São Paulo.\r\nAssociada da Associação Brasileira de Psicopedagogia (ABPP/nacional) e da Associação Brasileira de Neuropsicologia (ABENEPI).\r\nFormação: UNISANTOS; Grupo Eficiente/SP –FMABC – Mediadora Instituto CBM/SP; Neuropsicologia pela Atualize Porto Alegre; ABD; CIAPRE/Campinas.', NULL, NULL, '2018-08-03 16:38:21', '2018-08-03 16:38:21'),
('Larissa Valente', 33, 'Palestrante', NULL, NULL, NULL, 'Bacharel em Pedagogia, com especialização em deficiente mental, visual e auditivo. Psicopedagoga, Pós-graduada em Educação Infantil, Bacharel em Direito, Cursando Mestrado em Ecologia.', NULL, NULL, '2018-08-03 16:38:53', '2018-08-03 16:38:53'),
('Lucymara Silva Ponce Alonso', 34, 'Palestrante', NULL, NULL, NULL, 'Graduada em Pedagogia – Unimes\r\nPós graduada em Psicopedagogia\r\nEducação especial e inclusão – Uninter\r\nMestranda em Ecologia – Unisanta\r\nExperiência profissional:\r\nCoordenadora escolar do Ensino Fundamental;\r\nProfessora da rede pública de Educação Especial;\r\nPsicopedagoga clínica e institucional;', NULL, NULL, '2018-08-03 16:39:36', '2018-08-03 16:39:36'),
('Joyce M. Rosset', 35, 'Palestrante', NULL, NULL, NULL, 'Especialista em Educação. Consultora e formadora de educadores, gestora de projetos sociais. Cocriadora e coautora do Blog Tempo de Creche e autora de livros voltados às práticas na Educação Infantil. Formada em Biologia (USP), com especialização em Cognição, Sociocultura e Educação em Valores Humanos e Crianças de zero a três anos: formação de profissionais para as infâncias no Brasil. Mestranda em Formação de Professores na PUC-SP.', NULL, NULL, '2018-08-03 16:39:40', '2018-08-03 16:39:40'),
('Maria Helena Webster', 36, 'Palestrante', NULL, NULL, NULL, 'Consultora e formadora de educadores. Formada em Artes (UFRGS), com especialização em Pesquisa em Arte (UCS). Cocriadora e correalizadora do blog de educação infantil Tempo de Creche, coordenadora de edições educacionais de Arte, Grupo IBEP Educação. Coordenadora educacional e geral da Fundação Iochpe e do Instituto Arte na Escola, e coordenadora de sustentabilidade da Associação Arte Despertar. Recebeu os Prêmios Top Social ADVB (2002) e 20 anos Arte na Escola (2013) e duas vezes a Certificação de Tecnologia Social Fundação Banco do Brasil (2002/2011).', NULL, NULL, '2018-08-03 16:40:06', '2018-08-03 16:40:06'),
('Irene Penteado Cotrim', 37, 'Palestrante', NULL, NULL, NULL, 'Pedagoga, Especialista em Educação Especial, Pós-Graduada em Jogos Cooperativos, Terapeuta Sistêmica e Familiar.', NULL, NULL, '2018-08-03 16:40:22', '2018-08-03 16:40:22'),
('Solange Cunha da Silva', 38, 'Palestrante', NULL, NULL, NULL, 'Educadora, Especialista em Arte e Comunicação, Pedagogia Sistêmica, Terapeuta Sistêmica e Familiar.', NULL, NULL, '2018-08-03 16:40:52', '2018-08-03 16:40:52'),
('Maria Angela Rizzi', 39, 'Palestrante', NULL, NULL, NULL, 'Consultora e formadora de educadores. Coordenadora e avaliadora de projetos nas áreas de educação, saúde, capacitação profissionalizante, alfabetização e educação de adultos. Cocriadora e coautora do Blog Tempo de Creche. Formada em Pedagogia (USP), com especialização em Pedagogia Hospitalar.', NULL, NULL, '2018-08-03 16:40:52', '2018-08-03 16:40:52'),
('Fabiane Vitiello', 40, 'Palestrante', NULL, NULL, NULL, 'Pedagoga, pós-graduada em Psicopedagogia. Durante 25 anos trabalhou em escolas de educação infantil como professora e coordenadora. Hoje atua como formadora de professores nas redes privadas e pública. Adora sair pelo mundo em busca de novos olhares e da renovação de suas próprias inquietações.', NULL, NULL, '2018-08-03 16:41:20', '2018-08-03 16:41:20'),
('Raquel Pellegrini', 41, 'Palestrante', NULL, NULL, NULL, 'Jornalista, pós graduada em Cinema e Linguagem Audiovisual e Cinema Documentário. Possui 26 anos de experiência  na área  do audiovisual, sendo 20 anos como diretora de Programas de TV, Vídeos Institucionais, Videoclipes  e Documentários. Dirigiu os documentários de média metragem \"Cesário Bastos – Uma Escola de Vida\" e \"Tamboréu - Genuinamente  Santista\" e o longa metragem “Laje dos Sonhos”. É professora universitária há17 anos e diretora de mostras do Curta Santos - Festival de Cinema de Santos desde 2004.  Professora da Faculdade de Cinema e Audiovisual por 16 anos. Coordenadora de Cinemas da Secretaria de Cultura da Santos - 2013 a 2016\r\nSecretário Adjunta de Cultura.', NULL, NULL, '2018-08-03 16:41:48', '2018-08-03 16:41:48'),
('Telma Holanda', 42, 'Palestrante', NULL, NULL, NULL, 'Pedagoga, formada em Artes- Plástica e Gestão Educacional. Em seus 32 anos de pedagoga, atuou como professora e coordenadora de educação Infantil e na direção de escola privada de Educação Infantil ao Ensino Médio. Hoje atua como formadora de professores e na direção da empresa educacional Diálogos Viagens Pedagógicas, fundada em 2009.', NULL, NULL, '2018-08-03 16:42:10', '2018-08-03 16:42:10'),
('Christiane Andréa', 43, 'Palestrante', NULL, NULL, NULL, 'Formada em Letras (UNISANTOS), Pedagogia (FACINTER), pós-graduada em Gestão Educacional (FALC) e Psicopedagogia Clínica (UNISANTA), especialista em Terapia Sexual na Saúde e na Educação (DOCTUM). Orientadora Educacional na rede municipal de ensino de Santos. Ganhadora do Prêmio Educador Santista 2017 (Categoria Gestor).', NULL, NULL, '2018-08-03 16:42:18', '2018-08-03 16:42:18'),
('Aline Fernanda Ferreira', 44, 'Palestrante', NULL, NULL, NULL, 'Graduada em Educação Física pela Universidade Estadual Paulista Júlio de Mesquita Filho (2011) , mestrado (2014) e doutorado (2017) em Desenvolvimento Humano e Tecnologias pela mesma instituição. Todos os títulos foram orientados pela Profa. Dra. Suraya Cristina Darido. Atualmente é pesquisadora do Laboratório de Estudos e Trabalhos Pedagógicos em Educação Física (LETPEF) da UNESP/RC e professora de Educação Física na Prefeitura de Rio Claro. Tem experiência na área de Educação Física escolar, com ênfase nas Tecnologias Educacionais, atuando principalmente nos seguintes temas: educação física no ensino básico, jogos digitais, tecnologia da informação e comunicação , temas transversais e materiais didáticos.', NULL, NULL, '2018-08-03 16:42:51', '2018-08-03 16:42:51'),
('Marcio de Souza', 45, 'Palestrante', NULL, NULL, NULL, 'Ator, Professor, Pedagogo, Psicopedagogo, Produtor Cultural e Agente Cultural da Secretaria de Cultura de Santos (atual). Delegado Regional de Cultura pela Secretaria de Estado da Cultura em Santos de 1997 a 2007.Diretor dos Teatros Municipais de Santos em 2012; Coordenador do Teatro Guarany em Santos de 2008 a 2016.', NULL, NULL, '2018-08-03 16:42:58', '2018-08-03 16:42:58'),
('Jocelina Carpes da Silva Rodrigues', 46, 'Palestrante', NULL, NULL, NULL, 'Professora Mestre\r\nPossui graduação em Direito pela Universidade Braz Cubas (1974) e mestrado em Direito pela Universidade Católica de Santos (2004). Atualmente é professora titular do Centro Universitário Lusíada-UNILUS e advogada - Escritório de Advocacia. Tem experiência na área de Direito, com ênfase em Direito Tributário, atuando principalmente nos seguintes temas: arbitragem, responsabilidade, logística, informação e segurança.', NULL, NULL, '2018-08-03 16:43:30', '2018-08-03 16:43:30'),
('Mônica Girotto Toledo de Castro', 47, 'Palestrante', NULL, NULL, NULL, 'Mestrado em Fonoaudiologia pela PUC- São Paulo\r\nEspecialização em Linguagem pela PUC – SP\r\nEspecialização em Fonoaudiologia Hospitalar pelo Hospital Israelita Albert Einstein\r\nFonoaudióloga \r\nProfessora do Centro Universitário Lusíada', NULL, NULL, '2018-08-03 16:44:27', '2018-08-03 16:44:27'),
('Adriana Aires', 48, 'Palestrante', NULL, NULL, NULL, 'Formada em dança clássica pela Escola Municipal de Bailado de Santos (1987).\r\nLicenciatura em Dança - Universidade Santa Cecília dos Bandeirantes(1992).\r\nPós-Graduada em Jogos Cooperativos - UNIMONTE (2004)\r\nBailarina e coreógrafa, DRT. 25512/SP\r\nFormação em Focalizador de Dança Circular dos Povos – TRIOM Centro de Estudos (2006)\r\nExtensão Universitária em Terapia Comunitária Integrativa certificada pela Universidade Federal do Ceará (2013)\r\nTerapeuta Sistêmica formada em Constelção Familiar Sistêmica e Costelação Estrutural com Tuco Gabriel em Santos. (2017)', NULL, NULL, '2018-08-03 16:44:51', '2018-08-03 16:44:51'),
('Sandra Maria Pela', 49, 'Palestrante', NULL, NULL, NULL, 'Doutora e Mestre, Especialista e Graduada em Fonoaudiologia pela UNIFESP. Professora do Curso de Fonoaudiologia Centro Universitário Lusíada. Fonoaudióloga Clínica.', NULL, NULL, '2018-08-03 16:44:56', '2018-08-03 16:44:56'),
('Elaine Martins', 50, 'Palestrante', NULL, NULL, NULL, 'Formada em dança clássica pelo Cepe 2004 (Clube Petrobrás) 1985\r\nLicenciatura em Dança pela Universidade Santa Cecília dos Bandeirantes (1992)\r\nPedagoga com especialização em administração escolar-Unisantos 1995\r\nPós-graduada em Psicopedagogia – Unisantos (1996)\r\nExtensão Universitária em Arte Terapia – Uniban (SP) 1995\r\nExtensão Universitária em Composição Coreográfica – Uniban (SP)\r\nProfissional (DRT) nº. 2278\r\nFormação em focaliza dor de dança circular dos povos – Triom – Centro de Estudos (2006)                                                \r\nPós graduada em psicomotricidade (2014) - FALC \r\nMestrado (psicomotricidade) - Título de mestre profissional em ensino e ciências da saúde. (2017) - UNIFESP (SP)', NULL, NULL, '2018-08-03 16:46:03', '2018-08-03 16:46:03'),
('Carla Thayonara Oliveira de Souza', 51, 'Palestrante', NULL, NULL, NULL, 'Pedagoga, Pós graduada em Neuropsicologia Infantil pela Unicamp e em Educação para Sustentabilidade pelo Senac, atuou como professora de educação infantil e Ensino Fundamental por 10 anos, desde 2011 Coordena o Projeto Ecoviver nas escolas públicas de Santos Praia Grande e Guarujá.', NULL, NULL, '2018-08-03 16:46:36', '2018-08-03 16:46:36'),
('Fátima D’Abreu', 52, 'Palestrante', NULL, NULL, NULL, 'Formada em dança clássica pela Escola Municipal de Bailado de Santos (1989).\r\nLicenciatura em Dança- Universidade Santa Cecília dos Bandeirantes (1991). \r\nBailarina profissional (DRT) n. 25759 / SP\r\nPós Graduada em Jogos Cooperativos – Unimonte (2004).\r\nFormação em Focalizador de Dança Circular dos Povos – Triom Centro de Estudos (2006).\r\nCoordenadora do Curso de Capacitação em Danças Circulares na Universidade Santa Cecilia\" Dança Circular na Educação: Caminho de Integração e Sociabilização.\r\nThetahealer, reikiana e terapeuta holistica, atua através da técnica de Investigação e Cura dos Registros Akáshicos.', NULL, NULL, '2018-08-03 16:46:55', '2018-08-03 16:46:55'),
('Edna Souza', 53, 'Palestrante', NULL, NULL, NULL, 'Formação: Coach – FEBRACIS (Federação Brasileira de Coaching Integral Sistêmico); \r\nPedagogia - Universidade Metodista de São Paulo;\r\nEspecialista: Gestão de Pessoas e Psicologia Organizacional – Universidade Metodista de São Paulo\r\nGestora de Organização do Terceiro Setor com 20 anos de experiência;\r\nGestão focada em objetivos e resultados;\r\nGestão para o desenvolvimento de equipes de trabalho;\r\nProfissional dinâmica e de fácil relacionamento;\r\nHabilidade em motivar e desenvolver pessoas;\r\nAtuou como Conselheira Tutelar do Município de Santos na Gestão 2006 a 2009;\r\nAtua como Coach Life individual e Team coaching para empresas.', NULL, NULL, '2018-08-03 16:47:56', '2018-08-03 16:47:56'),
('André L. de Oliveira Nascimento', 54, 'Palestrante', NULL, NULL, NULL, 'Professor, ator, diretor, iluminador, cenógrafo e carnavalesco \r\nFormado em Artes pelo Centro Universitário Claretiano. Pós graduando em História e Cultura Africana e Afro-brasileira. \r\nResponde pela pesquisa histórica e concepção artística, desde 2006, pelo evento “Carnabonde” realizado pela Secretaria de Cultura de Santos – SP. Ministrou Oficina no Centro Cultural Caixa – SP (Projeto Gente Arteira) de adereços carnavalescos no ano de 2017.\r\nComentarista na TV Santa Cecília do Desfile Oficial das Escolas de Samba de Santos, também no ano de 2017.', NULL, NULL, '2018-08-03 16:47:57', '2018-08-03 16:47:57'),
('Patrícia Pontes de Oliveira Lima', 55, 'Palestrante', NULL, NULL, NULL, '• Técnica em Segurança do Trabalho da Seção de Segurança do Trabalho na Prefeitura Municipal de Santos \r\n• Professora de Segurança do Trabalho \r\n• Revisora de livros de segurança do trabalho', NULL, NULL, '2018-08-03 16:48:34', '2018-08-03 16:48:34'),
('Adelita Fraga', 56, 'Palestrante', NULL, NULL, NULL, '• Professora da Rede Municipal de Ensino de Santos.\r\n• Pedagoga com pós em Administração Escolar e Arte e Estética.\r\n• Vice-presidente da CIPA Setorial Educação', NULL, NULL, '2018-08-03 16:49:13', '2018-08-03 16:49:13'),
('Margarete Fernandes', 57, 'Palestrante', NULL, NULL, NULL, 'Formada em Comunicação Social pela Faculdade de Comunicação de Santos.  \r\nApós aposentadoria na COSIPA - Companhia Siderúrgica Paulista, mais tarde USIMINAS, dedicou-se a área de Treinamento. \r\nTrabalha em  Dinâmica de Grupo em Empresas, Educação, Organizações Religiosas e afins há mais de  25 anos, incluindo Semana de Educação e SEDUC (Formação Continuada).\r\nCursos complementares de Administração, Psicologia, Ciências Políticas, Teologia, Musicoterapia, Silva Mind Control e similares.', NULL, NULL, '2018-08-03 16:50:00', '2018-08-03 16:50:00'),
('Jéssica Muniz Braga', 58, 'Palestrante', NULL, NULL, NULL, 'Estudos comportamentais, Psicologia e Legislação Educacional. Pedagoga, Pós-graduação em Direito Educacional, Especialização em Ética, Valores e Cidadania na escola pela Universidade de São Paulo, Pós-graduação em Educação Especial pela Unimes, Especialização em Atendimento Educacional Especializado pela Universidade Federal de Santa Maria, Pós-graduação em Gestão Escolar. Extensão em Letramentos e Formação de professores de Línguas, parceria USP x Universidade de Illinois- EUA.  Finalista do Prêmio Educador Santista 2017- Projeto: Nossas raízes: Valorizando a cultura negra e sua essência - Vencedora do Prêmio Educador Santista 2017 – 4° lugar.', NULL, NULL, '2018-08-03 16:50:37', '2018-08-03 16:50:37'),
('Dr. Flávio Viana Barbosa', 59, 'Palestrante', NULL, NULL, NULL, 'Advogado e Historiador. Doutorando em Ciência da Educação - UNR Rosário – Argentina. Prof. adjunto 2 na rede municipal de Santos.', NULL, NULL, '2018-08-03 16:51:06', '2018-08-03 16:51:06'),
('Prof.ª Iracema Barros Guerra', 60, 'Palestrante', NULL, NULL, NULL, 'PEB 1 PMS ,Magistério com ênfase em Ed. Infantil,  Pedagoga, Licenciatura em Letras, Complementação pedagógica em Administração/Orientação Escolar, Pós-graduação em Psicopedagogia Institucional,  representante condecorada por seu exemplo de cidadania e ética.', NULL, NULL, '2018-08-03 16:51:39', '2018-08-03 16:51:39'),
('Prof.ª Mia Ribeiro', 61, 'Palestrante', NULL, NULL, NULL, 'Graduada em Artes Visuais, Pedagoga, Bacharel em Teologia, Especialização em Psicopedagogia, Pós-graduação em Metodologia do Ensino da Arte, docente nas redes municipais de Santos e Cubatão.', NULL, NULL, '2018-08-03 16:52:25', '2018-08-03 16:52:25'),
('Andréa dos Santos Silva', 62, 'Palestrante', NULL, NULL, NULL, 'Professora de Ens. Fundamental na Prefeitura Municipal de Santos com 11 anos de tempo no cargo.\r\n2º lugar no Prêmio Educador Santista 2017  com o Projeto “Revisão da História - Conhecer para Respeitar” \r\nFormação: \r\nMagistério do 1º grau - Colégio Cen.Wercelêncio Calixto da Mota.\r\nLetras; Habilitação em Português e Literaturas de Língua Portuguesa- UNEB( Universidade Estadual da Bahia)\r\nPós:Psicopedagogia- Unimes- Universidade Metropolitana de Santos\r\nGestão Escolar- FALC- Faculdade da Aldeia de Carapicuíba', NULL, NULL, '2018-08-03 16:52:46', '2018-08-03 16:52:46'),
('Prof. Roberto Canuto', 63, 'Palestrante', NULL, NULL, NULL, 'Formado em Desenho Industrial-Universidade Santa Cecília/Licenciado em Artes, Pós-graduação em Psicomotricidade/ Músico/Compositor.', NULL, NULL, '2018-08-03 16:52:49', '2018-08-03 16:52:49'),
('Fabiana Mendonça dos Santos', 64, 'Palestrante', NULL, NULL, NULL, 'Professora de Educação Infantil na Prefeitura Municipal de Santos com 6 anos no cargo.\r\nCoordenadora no Projeto Educafro- 10 anos no cargo.\r\nFormação: Pedagogia - Unisantos\r\nPós: Ética, valores e cidadania na escola - USP\r\nEducação Inclusiva. DI - Universidade de Morzateum.', NULL, NULL, '2018-08-03 16:53:12', '2018-08-03 16:53:12'),
('Anderson dos Santos Andrade', 65, 'Palestrante', NULL, NULL, NULL, '- Magistério – Escola Municipal Acácio de Paula Leite Sampaio\r\n- Comunicação Social – Rádio e Tv – Unimonte (1999-2002)\r\n- Complementação Pedagógica – Unimonte (2007-2009)\r\n- Letras – Unimonte (2003- 2006)\r\n- Especialização em Educação Integral – UFSCAR(2011- 2012)', NULL, NULL, '2018-08-03 16:53:45', '2018-08-03 16:53:45'),
('Ana Cláudia Pires', 66, 'Palestrante', NULL, NULL, NULL, 'Formadora pelo Instituto Paulo Freire e Fundação Lemann sobre os temas: Design Think, Metodologias Ativas, Cultura Maker, Escola de tempo integral, Educação baseada em projetos, lógica de programação, educação áudio-visual, ECA e Direitos Humanos.', NULL, NULL, '2018-08-03 16:54:19', '2018-08-03 16:54:19'),
('Mércia Martins', 67, 'Palestrante', NULL, NULL, NULL, 'Trabalha há 22 anos como Educadora, com formação em Magistério, Pedagogia, Teologia e Especialista em Educação Especial, com Pós graduação em Gestão Estratégica de Pessoas, Psicanalise e Psicopedagogia e Cursando Especialização em Psicanálise.', NULL, NULL, '2018-08-03 16:54:45', '2018-08-03 16:54:45'),
('Carolina Stella N. dos Santos', 68, 'Palestrante', NULL, NULL, NULL, 'Professora Orientadora de Informática Educativa (POIE), atuante desde 2010. Bióloga, Pedagoga, Pós-Graduada em Mídias na Educação e Educação Infantil.', NULL, NULL, '2018-08-03 16:55:04', '2018-08-03 16:55:04'),
('Carolina Quattrer Pinheiro da Silva', 69, 'Palestrante', NULL, NULL, NULL, 'Professora Orientadora de Informática Educativa desde 2008. Pedagoga, Pós-Graduada em Informática Educativa e Extensão em Mídias na Educação.', NULL, NULL, '2018-08-03 16:55:46', '2018-08-03 16:55:46'),
('Pedro Cunha', 70, 'Palestrante', NULL, NULL, NULL, 'Formado em Capoeira (Grupo Capoeira Santista) e em Comunicação Social (Universidade Católica de Santos), Pedro Cunha foi repórter no jornal diário A Tribuna de Santos por quase 10 anos, deixando a profissão para se dedicar à pesquisa de mestrado em História Social (FFLCH-USP), que culminou na dissertação \"Capoeiras e valentões na História de São Paulo (1830-1930). O título de mestre abriu caminho para atuar como editor de livros didáticos e paradidáticos em editoras de São Paulo. Neste mercado, também gerenciou projetos voltados à produção e implementação de soluções educacionais digitais. Atualmente, trabalha no Terceiro Setor como coordenador de conteúdos educacionais da Fundação Iochpe, que abrange o Programa Formare, voltado à formação de jovens para o mercado de trabalho, e o Instituto Arte na Escola, que trabalha há 30 anos com formação de professores de Arte em todo o Brasil. Paralelamente, edita livros de Literatura e pesquisa modelos de formação docente voltados ao uso de novas tecnologias e ao ensino da História da África e da cultura afro-brasileira.', NULL, NULL, '2018-08-03 16:55:59', '2018-08-03 16:55:59'),
('Rodrigo Lopes Chaves França', 71, 'Palestrante', NULL, NULL, NULL, 'Graduado em Letras pela Católica de Santos; Pós-Graduado em Gestão Escolar e Docência do Ensino Superior. Estudante do 4º ano de Direito. Atualmente coordena o Geração E... Aprendendo a Empreender pela Seção Núcleo Tecnológico de Santos - Senutec.', NULL, NULL, '2018-08-03 16:56:17', '2018-08-03 16:56:17'),
('Daniel Salsa', 72, 'Palestrante', NULL, NULL, NULL, 'Dramaturgo, humorista, empresário e pesquisador em desenvolvimento pessoal.', NULL, NULL, '2018-08-03 16:56:39', '2018-08-03 16:56:39'),
('Carolina Stella Nascimento dos Santos', 73, 'Palestrante', NULL, NULL, NULL, 'Bióloga, Pedagoga, Pós-Graduada em Educação Infantil e em Mídias na Educação. Professora da rede Estadual de Ensino e da rede Municipal de Santos, onde atua como Professora Orientadora de Informática Educativa (POIE) e tutora virtual do curso Geração E... Aprendendo a Empreender.', NULL, NULL, '2018-08-03 16:56:46', '2018-08-03 16:56:46'),
('Luciana Cescon', 74, 'Palestrante', NULL, NULL, NULL, 'Psicóloga da PMS (COAIS); Mestre em Ciências da Saúde; colaboradora do Instituto Vita Alere de Prevenção e Posvenção do Suicídio.', NULL, NULL, '2018-08-03 16:57:05', '2018-08-03 16:57:05'),
('Bernadete Aparecida Maia Silveira', 75, 'Palestrante', NULL, NULL, NULL, 'Graduada em Pedagogia e Pós-Graduada em Gestão Escolar. Atua como tutora do curso Geração E... Aprendendo a Empreender.', NULL, NULL, '2018-08-03 16:57:31', '2018-08-03 16:57:31'),
('Silvana Santiago Viana', 76, 'Palestrante', NULL, NULL, NULL, 'Graduada em Pedagogia na Universidade Católica de Santos,  Pós-Graduada em Ética,Valores e Cidadania na Escola (USP) e em Informática na Educação - Faculdade de Carapicuíba(FALC). Atua como POIE e tutora do curso Geração E... Aprendendo a Empreender.', NULL, NULL, '2018-08-03 16:57:56', '2018-08-03 16:57:56'),
('Paulo Affonso Galati Murat Filho', 77, 'Palestrante', NULL, NULL, NULL, 'Graduado em Terapia Ocupacional, pela Universidade Metodista de Piracicaba, em 1979;\r\nGraduado em Direito, pela Universidade Católica de Santos, em 2004, tendo sido aprovado no exame da OAB/SP no mesmo ano;\r\nGraduado no Curso de Extensão em Mediação e Conciliação, pela Universidade Santa Cecília, em 2015.\r\nPós Graduando em Gestão de Projetos , pela Universidade Santa Cecília;Chefe do Setor de Terapia Ocupacional e das Oficinas Abrigadas do Centro de Reabilitação Piracicaba, no período de 1979/1980.\r\nFuncionário público da Prefeitura Municipal de Santos, onde ingressou em 11/02/1981, ocupando o cargo de Terapeuta Ocupacional da U.M.E.E. Profª. Maria Carmelita Proost Villaça até 2018, sendo responsável pela implantação das Oficinas Pré Profissionalizantes desta Unidade de Ensino, exercendo a coordenação deste programa;\r\nProfessor na cadeira de Fundamentos de Orientação Profissional para o curso de Pedagogia, com ênfase em Educação Especial, da Fundação Lusíada, no período de 1990/1997. Secretário Municipal de Defesa da Cidadania da Prefeitura Municipal de Santos, no período de 2010/2012, sendo o primeiro secretário desta Pasta.\r\nPresidente do Conselho Municipal dos Direitos das Crianças e Adolescentes – CMDCA, no período de 2011/2013.\r\nMembro do Fórum de Empregabilidade de Pessoas com Deficiência de Santos - FEPEC', NULL, NULL, '2018-08-03 16:58:39', '2018-08-03 16:58:39'),
('Flávia Maria Lourenço da Costa', 78, 'Palestrante', NULL, NULL, NULL, 'Licenciada em Pedagogia com Habilitação em Administração  Escolar pela Universidade Metropolitana de Santos; Bacharel em Ciências Jurídicas e Sociais pela Universidade Metropolitana de Santos; Pós-Graduada em Direito Educacional;Pós-Graduada em Educação Especial com ênfase em Deficiência Intelectual; Pós-Graduada em Psicopedagogia Institucional; Mestranda em Práticas Docentes do Ensino Fundamental com dissertação pautada na Justiça Restaurativa nas escolas;Extensão Universitária em Interdisciplinaridade no Ensino Fundamental; Professora de Ensino Fundamental  I na rede Municipal de Ensino de Santos; Facilitadora da Justiça Restaurativa.', NULL, NULL, '2018-08-03 17:06:01', '2018-08-03 17:06:01'),
('Felipe Lucchesi', 79, 'Palestrante', NULL, NULL, NULL, 'É graduado em Educação Física e Mestre em Psicologia do Desenvolvimento e Aprendizagem (UNESP), especialista em Ludopedagogia e atualmente Educador do Programa Curumim (Setor Socioeducativo) - Sesc Santos.', NULL, NULL, '2018-08-03 17:06:23', '2018-08-03 17:06:23'),
('Mauricio Marin', 80, 'Palestrante', NULL, NULL, NULL, 'É arte-educador, possui licenciatura em Ciências Sociais pela UNESP e atua no Programa Juventudes do Sesc Santos.', NULL, NULL, '2018-08-03 17:06:46', '2018-08-03 17:06:46'),
('Janaina Ramos Mendes de Souza Vieira', 81, 'Palestrante', NULL, NULL, NULL, 'Formada em Administração de Recursos Humanos – UNINOVE; Pós-graduada em Conciliação e Mediação pela Escola Paulista de Magistratura-SP; com Extensão em Mediação Transformativa pela Escola Superior do Ministério Público e em Direito Sistêmico - Hellinger Schulle - Faculdade Innovare. \r\nFacilitadora de grupos vivenciais e atendimentos individuais em Constelação Familiar há 06 anos; Docente e uma dos idealizadores do Projeto \"Percepções Sistêmicas\" Comarca de São Vicente e Docente Convidada Complexo Andreucci e IMA-SP abordando o uso das constelações na mediação e no judiciário.', NULL, NULL, '2018-08-03 17:06:57', '2018-08-03 17:06:57'),
('Ana Paula Pereira', 82, 'Palestrante', NULL, NULL, NULL, 'Pedagoga formada na Universidade Santa Cecília, atua no Programa Espaço de Brincar do Sesc Santos.', NULL, NULL, '2018-08-03 17:07:20', '2018-08-03 17:07:20'),
('Claudia Regina Mendes', 83, 'Palestrante', NULL, NULL, NULL, 'Advogada colaborativa e integrativa, mediadora e conciliadora de conflitos. Graduada em Direito e pós-graduada em Direito Processual Civil. Presidente da Comissão Especial de Mediação e Práticas Colaborativas da Ordem dos Advogados do Brasil/Santos. Instrutora e Colaboradora da Oficina de Pais e Filhos, na comarca de São Vicente. Instrutora da Oficina de Pais online, pelo Conselho Nacional de Justiça. Instrutora em Mediação (em certificação) pelo Conselho Nacional de Justiça.', NULL, NULL, '2018-08-03 17:07:42', '2018-08-03 17:07:42'),
('Cássio Viana', 84, NULL, NULL, NULL, NULL, 'Psicólogo pela UNIFESP e Faculdade de Psicologia e Ciências da Educação da Universidade do Porto/ Portugal, mestrando em Ciências Interdisciplinares e pesquisador em Infância e Juventude Latino-Americana, atua na equipe de educadores do Curumim do Sesc Santos.', NULL, NULL, '2018-08-03 17:08:02', '2018-08-03 17:08:02'),
('Eva Cristina de Carvalho Souza Mendes', 85, 'Palestrante', NULL, NULL, NULL, 'Doutora em Distúrbios do Desenvolvimento pela Universidade Presbiteriana Mackenzie; Mestre em Educação pela Universidade Católica de Santos; especialista em Neuropedagogia e Psicanálise. Professora Titular e Coordenadora Local do Curso de Pedagogia da Universidade Paulista - Campus Santos e Coordenadora do Curso de Pós Graduação Lato Sensu em Pedagogia da Infância: práticas educativas e fundamentos - UNIP. Membro do Grupo de Pesquisa em Psicolinguística/GPPL-USP.  Atualmente Presidente do Conselho Municipal de Educação de Santos/SP.', NULL, NULL, '2018-08-03 17:08:08', '2018-08-03 17:08:08'),
('Daniele Baumgartner', 86, 'Palestrante', NULL, NULL, NULL, 'Arte educadora, formada em Comunicação Social - Cinema pela Funação Armando Álvares penteado (FAAP) e especialista em História da Arte pela mesma instituição. Integra o núcleo sociedutivo do Sesc desde 2009 e atualmente é educadora do Programa Juventudes, tendo passado também pelos programas Curumim e Espaço de Brincar.', NULL, NULL, '2018-08-03 17:08:22', '2018-08-03 17:08:22'),
('Lígia Azevedo', 87, 'Palestrante', NULL, NULL, NULL, 'Gestora cultural e jornalista, com especialização em Gestão Cultural pela Universidade de Girona (Espanha). Atua na área de programação socioeducativa do Sesc desde 2010 e no Curumim do Sesc Santos desde 2015.', NULL, NULL, '2018-08-03 17:08:43', '2018-08-03 17:08:43'),
('Simone Regina Baracat Bueno', 88, 'Palestrante', NULL, NULL, NULL, 'Graduada em Geografia pela UNISANTOS, Mestranda em Prática Docentes no Ensino Fundamental pela UNIMES e Pós Graduada em Gestão Escolar pelo Instituto Educacional JC Elis. Atuação no Magistério há 30 anos. Atualmente atua como prof. tutora do NuED Santos e professora de Geografia do Ensino Fundamental na Prefeitura Municipal de Santos, além de professora do Ensino Médio e Curso Pré-Vestibular do COC Universitário de Santos.', NULL, NULL, '2018-08-03 17:09:03', '2018-08-03 17:09:03'),
('Aggeu Luna', 89, 'Palestrante', NULL, NULL, NULL, 'Formado em Comunicação e Cinema\r\n(FAAP), Educomunicador pelo Núcleo de Comunicação e Educação (USP) e licenciado\r\nem Artes. Professor desde 2001 em\r\nprojetos sociais, rede municipal e estadual de ensino e no curso de pós-graduação em Educomunicação da USP. No Sesc\r\ndesde 2012, participou da implantação do programa Curumim em Itaquera e Campo Limpo, hoje atua no Curumim do Sesc Santos', NULL, NULL, '2018-08-03 17:09:29', '2018-08-03 17:09:29'),
('Ione Aparecida Oshida dos Santos', 90, 'Palestrante', NULL, NULL, NULL, 'Graduada em Pedagogia e Geografia pela UNIMES, Antropologia pela Universidade Federal de Santa Catarina, Especialista em Educação Ambiental pela Faculdade Barão de Mauá, Doutoranda pela Universidade de Rosário Argentina em Humanidades e Artes com Ênfase em Ciências da Educação, Mestranda em Prática Docentes no Ensino Fundamental pela UNIMES. Atuação no magistério há 30 anos. Atualmente atua como formadora de professores de Geografia na Educação de Jovens e Adultos no Setor da SEFORM na Prefeitura de Santos, professora articuladora de tecnologias educativas na Escola Cidade de Santos, professora do Ensino Médio  nas escolas estaduais Canadá e Visconde de São Leopoldo e professora das séries iniciais do ensino fundamental II do colégio COC universitário de Santos.', NULL, NULL, '2018-08-03 17:10:03', '2018-08-03 17:10:03'),
('Ana Karolyne Silvestre', 91, 'Palestrante', NULL, NULL, NULL, 'Mestre em Ciências Biológicas pela UNESP, atualmente educadora no Programa Curumim (Sesc Santos).', NULL, NULL, '2018-08-03 17:10:05', '2018-08-03 17:10:05'),
('Kelvia Ronqui', 92, 'Palestrante', NULL, NULL, NULL, 'Graduada em matemática e pedagogia; desde 2008, professora da rede municipal de ensino de Santos e São Vicente. Pós-graduada em Alfabetização e Letramento e em Gestão Escolar. Responsável pela implementação do curso “Scratch Code” no formato semipresencial na Plataforma Moodle. Integrante da Seção de Educação de Jovens e Adultos da Secretaria Municipal de Educação de Santos.', NULL, NULL, '2018-08-03 17:10:32', '2018-08-03 17:10:32'),
('Antonio Celso C. L. Sousa', 93, 'Palestrante', NULL, NULL, NULL, 'Físico (IFGW/UNICAM), educador e um inventor.\r\nAtualmente é educador do Espaço de tecnologias e artes, e desenvolvedor de sistemas embarcados.', NULL, NULL, '2018-08-03 17:10:56', '2018-08-03 17:10:56'),
('Ricardo Seara Neto', 94, 'Palestrante', NULL, NULL, NULL, 'Formado em Gestão Ambiental na Universidade de São Paulo, atuou por 4 anos em consultorias de sustentabilidade onde participou da gestão de projetos de impacto social, Educação e Cultura, Longevidade, bem como indicadores de performance socioambiental. Atua há 3 anos com dando aulas de criação de jogos digitais para alunos do Ensino Fundamental e Médio, na formação de professores e em consultoria de negócio para startups EdTechs e projetos maker, tendo sua startup acelerada pelo programa EdTech Growth da FutureEducation. Representa a iniciativa TeacherQuest no Brasil, que prepara educadores para aplicar conceitos de game-like learning em sala de aula, seja através de gamificação ou ainda da utilização de game design para criação de experiências de aprendizagem que engajam os estudantes, conduzindo ao desenvolvimento das competências do século XXI e à um aprendizado significativo.', NULL, NULL, '2018-08-03 17:11:30', '2018-08-03 17:11:30'),
('Aline Fernanda Ferreira', 95, 'Palestrante', NULL, NULL, NULL, 'Graduada em Educação Física pela Universidade Estadual Paulista Júlio de Mesquita Filho (2011) , mestrado (2014) e doutorado (2017) em Desenvolvimento Humano e Tecnologias pela mesma instituição. Todos os títulos foram orientados pela Profa. Dra. Suraya Cristina Darido. Atualmente é pesquisadora do Laboratório de Estudos e Trabalhos Pedagógicos em Educação Física (LETPEF) da UNESP/RC e professora de Educação Física na Prefeitura de Rio Claro.Tem experiência na área de Educação Física escolar, com ênfase nas Tecnologias Educacionais, atuando principalmente nos seguintes temas: educação física no ensino básico, jogos digitais, tecnologia da informação e comunicação , temas transversais e materiais didáticos.', NULL, NULL, '2018-08-03 17:11:50', '2018-08-03 17:11:50'),
('Kaio dos Santos Barbosa', 96, 'Palestrante', NULL, NULL, NULL, 'Graduado em Engenharia Eletrônica, Técnico em Eletrônica, startup de Tecnologia Educacional, trabalhou como desenvolvedor de circuitos eletrônicos para o Museu de Ciências CAtavento Cultural e Educacional, Organização Social de Cultura do Governo do Estado de São Paulo. É formado em Eletrônica, Automação Industrial e Eletroeletrônica pela instituição SENAI Roberto Simonsen e atualmente está cursando o 4º ano de Engenharia Eletrônica .', NULL, NULL, '2018-08-03 17:11:56', '2018-08-03 17:11:56'),
('Davi Ribeiro', 97, 'Palestrante', NULL, NULL, NULL, 'Formando em Jornalismo pela Universidade Católica de Santos. Atuou por mais de 10 anos no fotojornalismo, com passagens pelo jornal Diário do Litoral e A Tribuna de Santos. Foi Freelancer dos  jornais Folha de S .Paulo, Agora SP, revistas Carta Capital e Veja SP. Atualmente é chefe do Museu da Imagem e do Som de Santos.', NULL, NULL, '2018-08-03 17:12:12', '2018-08-03 17:12:12'),
('Paolo Civita', 98, 'Palestrante', NULL, NULL, NULL, 'Atua como Professor Orientador de Informática Educativa na Prefeitura de Santos e Coordenador Pedagógico na Prefeitura de Cubatão. 2º Lugar na Edição 2016 do Prêmio Educador Santista. Formador e colaborador da Editora Moderna e FTD. Mestre em Práticas Docentes do Ensino Fundamental pela Unimes, com pesquisa voltada a Avaliação Educacional. Professor  no curso de Pedagogia da Faculdade Marquês de Olinda no Guarujá.', NULL, NULL, '2018-08-03 17:12:24', '2018-08-03 17:12:24'),
('Arminda Tereza dos Santos Costa', 99, 'Palestrante', NULL, NULL, NULL, 'Mestre em Educação, especialista em Administração com Ênfase em Marketing, pela Fundação Lusíada. Bacharel de Comunicação Social com foco em Publicidade e Propaganda. Professora universitária.  Atuou como Executiva de Contas em agências de Propaganda, São Paulo - Santos. Por 18 anos supervisionou e coordenou a área de marketing e eventos do maior grupo de comunicação do litoral paulista: Jornal A Tribuna. Acumula experiências como Gerente de Marketing da Emissora Record Vale e Litoral, e da Revista Beach Class Magazine /foco mercado Premium regional. Atualmente responde pela gerencia de marketing da Texel Construção Civil.', NULL, NULL, '2018-08-03 17:12:37', '2018-08-03 17:12:37'),
('Carlos Fernando Barreto de Oliveira', 100, 'Palestrante', NULL, NULL, NULL, 'Graduado em Educação Física e Pedagogia, especialização em Educação Física Escolar e em Educação em Saúde, mestrado em Ensino em Ciências da Saúde na linha de pesquisa Avaliação, Currículo, Docência e Formação em Saúde, em andamento, especialização em Tecnologia, Formação de Professores e Sociedade. Atuou dez anos como professor de Educação Básica e atualmente é Técnico em Assuntos Educacionais.', NULL, NULL, '2018-08-03 17:12:54', '2018-08-03 17:12:54'),
('Ivanil Lourenço dos Reis', 101, 'Palestrante', NULL, NULL, NULL, '• Máster em Programação Neuro Linguística – PNL\r\n• COACH\r\n• Especialização em gestão de Segurança/ Meio Ambiente/Responsabilidade Social e Qualidade\r\n• Administração de Empresas\r\n• Técnico de Segurança do Trabalho', NULL, NULL, '2018-08-03 17:13:15', '2018-08-03 17:13:15'),
('Márcia Valéria Pires de Andrade', 102, 'Palestrante', NULL, NULL, NULL, 'Formada em Letras e Pedagogia, pós-graduada em: Ética, Cidadania e Valores; Psicopedagogia Institucional. Trabalha no NuED desde 2013 - professora, coordenadora e orientadora em escolas de Santos, na rede pública e privada.', NULL, NULL, '2018-08-03 17:13:59', '2018-08-03 17:13:59');
INSERT INTO `speakers` (`name`, `id`, `type`, `linkedin`, `facebook`, `twitter`, `small_desc`, `picture`, `website`, `created_at`, `updated_at`) VALUES
('Janaina Baroni Francisco', 103, 'Palestrante', NULL, NULL, NULL, 'Graduada em Administração de Empresas pelas Faculdades Integradas de Botucatu (1997). Experiência na área administrativa, com ênfase em Gestão Empresarial, Tecnologia, Informações Ambientais, Planejamento e Gestão Ambiental. Advogada formada pela UNIP (2011), atuante na área cível e, atualmente, Professora Universitária dos cursos de Administração e Ciências Contábeis. Especialista em Redes Locais de Computadores pela Universidade São Judas (2000), atuou como docente do Senac - Botucatu na formação de Técnicos de Informática (2000-2005). Formação em Técnico de Transações Imobiliárias e Avaliação de Imóveis pelo Instituto IBREP (2013). Licenciada em Matemática (2015), Mestre em Ciências pelo Programa Interdisciplinar em Ciências da Saúde, Linha: Saúde Mental, Educação e História na Saúde pela UNIFESP Baixada Santista (2017). Atualmente cursando Pós-Graduação em Gestão Educacional Pública pela UAB - Unifesp - Polo Santos. Atuação em docência do Ensino Fundamental II - Rede Municipal de Santos, docência do Ensino Superior, Assessoria Jurídica e Administrativa para micro e pequenas empresas.', NULL, NULL, '2018-08-03 17:14:25', '2018-08-03 17:14:25'),
('Simone Santos do Aido', 104, 'Palestrante', NULL, NULL, NULL, 'Formada em Letras - Inglês, Arte e Pedagogia; pós-graduada em Arte e Psicopedagogia Institucional e Clínica; Mestre em Educação. Trabalha como professora na Prefeitura de Santos desde 2006, iniciou no NuED em 2018.', NULL, NULL, '2018-08-03 17:14:31', '2018-08-03 17:14:31'),
('Luciana Rajabally', 105, 'Palestrante', NULL, NULL, NULL, 'Mestre e Graduada em Fonoaudiologia pela PUC-SP. Professora do Curso de Fonoaudiologia da Fundação Lusíada. Fonoaudióloga clínica e escolar.', NULL, NULL, '2018-08-03 17:15:19', '2018-08-03 17:15:19'),
('Bruna Lucena Biscáia', 106, 'Palestrante', NULL, NULL, NULL, 'Assistente Social, Pedagoga, Psicopedagoga Institucional e Clínica, Especialista em Educação Inclusiva com ênfase em Deficiência Visual e Mestranda em Ensino. Prof. de Educação Infantil e Professora-Tutora do NuED (Núcleo de Educação a Distância), ambos da Prefeitura Municipal de Santos.', NULL, NULL, '2018-08-03 17:15:44', '2018-08-03 17:15:44'),
('Andrea Rodrigues Farinha', 107, 'Palestrante', NULL, NULL, NULL, 'Especialista em Gestão em Saúde pela UNISANTA. Extensão em Audiologia, Otoneurologia e Perícia em Audiologia Ocupacional. Graduada e Professora do Curso de Fonoaudiologia do Centro Universitário Lusíada. Fonoaudióloga Clínica.', NULL, NULL, '2018-08-03 17:15:50', '2018-08-03 17:15:50'),
('Kátia Lucas Rosa', 108, 'Palestrante', NULL, NULL, NULL, 'Psicóloga Clínica e escolar, Pedagoga, Psicopedagoga Institucional, Especialista em Ética, Valores e Cidadania na Escola, Especializanda em Psicoterapia Cognitiva Comportamental, professora de Ética e Habilidades Emocionais.', NULL, NULL, '2018-08-03 17:16:06', '2018-08-03 17:16:06'),
('Simone Quidicomo', 109, 'Palestrante', NULL, NULL, NULL, 'Mestre pela Faculdade de Medicina da USP. Graduada em Fonoaudiologia pela PUCCAMP. Professora do Curso de Fonoaudiologia do Centro Universitário Lusíada. Fonoaudióloga Clínica com ênfase em Audiologia Clínica, Ocupacional e Indicação de Aparelho de Amplificação Sonora.', NULL, NULL, '2018-08-03 17:16:14', '2018-08-03 17:16:14'),
('Ranee Rossi Alves', 110, 'Palestrante', NULL, NULL, NULL, 'Prof. tutora nos cursos virtuais do NuED, e prof. de Ciências na Rede de Santos, 18 anos de experiência em escolas estaduais da Diretoria Regional de Ensino de São Vicente como prof. de Ciências, Biologia e Química. Atuei como Coordenadora Pedagógica dentro da Diretoria de Ensino de São Vicente, atendendo às escolas indígenas.\r\nFormada Ciências Biológicas, Pedagogia, Pós-Graduada em Libras e Educação para Surdos, e no momento cursando Pós Graduação em Desing Instrucional pela UNIFEI e o curso PIGEAD pela UFF', NULL, NULL, '2018-08-03 17:16:32', '2018-08-03 17:16:32'),
('Sandra Maria Pela', 111, 'Palestrante', NULL, NULL, NULL, 'Doutora e Mestre, Especialista e Graduada em Fonoaudiologia pela UNIFESP. Professora do Curso de Fonoaudiologia Centro Universitário Lusíada. Fonoaudióloga Clínica.', NULL, NULL, '2018-08-03 17:16:41', '2018-08-03 17:16:41'),
('Raquel Vieira Simões', 112, 'Palestrante', NULL, NULL, NULL, 'Graduada em Pedagogia pela Unesp, Especialista em Alfabetização pela Unimonte, Especialista em Ética, Valores e Cidadania pela USP/Univesp. Pós-graduanda em Alfabetização: relações entre Ensino e Aprendizagem pelo Instituto Vera Cruz. Professora nas redes municipais de ensino das prefeituras de Santos e São Vicente, atuando há 15 anos e com maior experiência em salas de alfabetização. Integrante da equipe de formadores da Seção de Formação da Secretaria de Educação de Santos', NULL, NULL, '2018-08-03 17:16:57', '2018-08-03 17:16:57'),
('Jonas Nogueira Júnior', 113, 'Palestrante', NULL, NULL, NULL, 'Mestre em Educação, Arte e História da Cultura e Graduado em Pedagogia pela Universidade Mackenzie-SP. Bacharelado em Música pela UNESP-SP e Licenciatura em Letras pela USP. Professor do Curso de Pedagogia da Universidade Mackenzie-SP. Pedagogo, educador musical e músico.', NULL, NULL, '2018-08-03 17:17:10', '2018-08-03 17:17:10'),
('Camila Chiara', 114, NULL, NULL, NULL, NULL, 'Graduada em Pedagogia pela Unisantos. Pós-graduada em Ética, Valores e Cidadania na Escola pela USP/UNIVESP e em Alfabetização pela Unisantos. Pós-graduanda em Alfabetização: relações entre Ensino e Aprendizagem pelo Instituto Vera Cruz. Integrante da equipe de formadores da Seção de Formação da Secretaria de Educação de Santos.', NULL, NULL, '2018-08-03 17:17:16', '2018-08-03 17:17:16'),
('Rosy Padron', 115, 'Palestrante', NULL, NULL, NULL, 'Musicista, compositora, arranjadora, preparadora vocal e produtora cultural.  \r\nAtua na área artística há mais de 40 anos. \r\nObteve as seguintes premiações como compositora e diretora Musical: Mapa Cultural Paulista, Pagu (FESTA), Fescete, Festes, além de indicação da Veja por sua trilha sonora para o espetáculo “É o Bicho – A Ordem Natural das Coisas”, com direção de Rosi Campos e Claudia Borioni.\r\nÉ proprietária da Mero Produções Artísticas e atualmente coordena o Coral Municipal de Santos.', NULL, NULL, '2018-08-03 17:17:36', '2018-08-03 17:17:36'),
('Elisete Gomes Natário', 116, 'Palestrante', NULL, NULL, NULL, 'Doutora em Educação pela Universidade Estadual de Campinas (2001),Psicóloga e mestre em Psicologia pela Pontifícia Universidade Católica de Campinas (1996). Atualmente é professora na graduação da Universidade Metropolitana de Santos e docente do Programa de Mestrado Profissional em Práticas Docentes no Ensino Fundamental da Universidade Metropolitana de Santos. Membro do GT: Brinquedo, Aprendizagem e Saúde – ANPEP. Publicações na área do Ensino e Aprendizagem, Formação Docente.', NULL, NULL, '2018-08-03 17:17:42', '2018-08-03 17:17:42'),
('Pedro Cunha', 117, NULL, NULL, NULL, NULL, 'Formado em Capoeira (Grupo Capoeira Santista) e em Comunicação Social (Universidade Católica de Santos), Pedro Cunha foi repórter no jornal diário A Tribuna de Santos por quase 10 anos, deixando a profissão para se dedicar à pesquisa de mestrado em História Social (FFLCH-USP), que culminou na dissertação \"Capoeiras e valentões na História de São Paulo (1830-1930). O título de mestre abriu caminho para atuar como editor de livros didáticos e paradidáticos em editoras de São Paulo. Neste mercado, também gerenciou projetos voltados à produção e implementação de soluções educacionais digitais. Atualmente, trabalha no Terceiro Setor como coordenador de conteúdos educacionais da Fundação Iochpe, que abrange o Programa Formare, voltado à formação de jovens para o mercado de trabalho, e o Instituto Arte na Escola, que trabalha há 30 anos com formação de professores de Arte em todo o Brasil. Paralelamente, edita livros de Literatura e pesquisa modelos de formação docente voltados ao uso de novas tecnologias e ao ensino da História da África e da cultura afro-brasileira.', NULL, NULL, '2018-08-03 17:18:09', '2018-08-03 17:18:09'),
('Fábio Serrão Franco', 118, 'Palestrante', NULL, NULL, NULL, 'Psicólogo e Psicanalista. Doutor em Psicologia clínica pela USP.  Membro filiado ao Instituto de Psicanálise da Sociedade Brasileira de Psicanálise de São Paulo. Servidor da Prefeitura Municipal de Santos lotado no CAPS da Vila (antigo NAPS 4).', NULL, NULL, '2018-08-03 17:18:28', '2018-08-03 17:18:28'),
('Sandra Freitas', 119, 'Palestrante', NULL, NULL, NULL, 'Graduada em Educação Física pela Universidade Metropolitana de Santos (1983), graduada em Pedagogia pela Faculdade de Educação Ciências e Letras (1987), Especialista em Educação Física Escolar (2003), Mestrado em Educação pela Universidade Católica de Santos (2006), Doutoranda em políticas e práticas pedagógicas pela Universidade Católica de Santos, sob a orientação da Profa. Dra. Maria de Fátima Abdalla. Professora de Pós Graduação e Coordenadora de projetos Institucionais/ Diretora de Escola na Secretaria de Educação do Município de Santos. Pesquisadora pela Universidade Católica de Santos/CNPQ - Instituições de Ensino: Políticas e Práticas Pedagógicas', NULL, NULL, '2018-08-03 17:18:56', '2018-08-03 17:18:56'),
('Tadeu Di Pietro', 120, 'Direção', NULL, NULL, NULL, 'diretor da peça teatral: A repartição', NULL, NULL, '2018-08-03 17:19:33', '2018-08-03 17:19:33'),
('Celso Viáfora', 121, 'Autor', NULL, NULL, NULL, 'Autor da peça teatral: A repartição', NULL, NULL, '2018-08-03 17:20:38', '2018-08-03 17:20:38'),
('Siumara Apude', 122, 'Palestrante', NULL, NULL, NULL, 'Professora de Ed. Física desde 1982 -Faculdade Fefisa - Santo Andre- SP \r\nPós Graduação em Grd - Ginástica Rítmica Desportiva\r\nProfessora de Dança\r\nAtuando em:\r\nCecon  - Centro de Convivência da Terceira Idade - Prefeitura Municipal de Santos\r\nOng - Instituto Energia - Envelhecimento com Qualidade e Sabedoria', NULL, NULL, '2018-08-03 17:20:41', '2018-08-03 17:20:41'),
('Dr. Faustino Pacheco Filho', 123, 'Palestrante', NULL, NULL, NULL, 'Formação em neurologia e neurocirurgia, inclusive no exterior, sendo que a neurocirurgia exerceu até 2000, quando foi acometido de um AVCH, que o incapacitou para neurocirurgia e o levou a procurar outra especialidade que foi a medicina do sono, atividade esta que vem exercendo, alem da neurologia, desde 2001', NULL, NULL, '2018-08-03 17:21:20', '2018-08-03 17:21:20'),
('Samanta Cassuriaga Carvalho Noronha', 124, 'Palestrante', NULL, NULL, NULL, 'Professora do Centro de Treinamento Educação e Cultura Surda -Ser Surdo - Educultura, Consultora em Surdez e Libras, ministrando palestras e capacitações. Pedagoga, Neuropsicopedagoga Clínica Institucional e Inclusiva, Especialista em Libras e Educação de Surdos. Funcionária pública na Prefeitura Municipal de Santos, Atua como Assistente de Direção, é Professora de Educação Básica e Como professora Conteudista e Tutora de Educação à distância, já atuou como Professora de Educação Especial, Professora Orientadora de Informática Educativa, Mediadora de Inclusão e Intérprete de Libras. Concluiu Mestrado Profissional em Práticas Docentes do Ensino Fundamental, na Universidade Metropolitana de Santos (UNIMES). Co - Autora do Livro Surdez e Libras Conhecimento em Suas Mãos, Lançado na Bienal do Livro de São Paulo em 2012 e utilizado na bibliografia oficial obrigatória, para o Concurso Público da Prefeitura de São Vicente. Consultora e Parceira da Editora Moderna e do Instituto Inclusão Brasil. Lecionou Libras no curso de graduação em Medicina da Unilus - Centro Universitário Lusíadas, nos cursos de graduação em Pedagogia, Biologia e Fisioterapia da Faculdade Santa Cecilia em Santos, bem como nos cursos de Pós-Graduação em Libras na Faculdade Brasil, Atualize Pós-Graduação. Atualmente leciona na Pós-Graduação do Instituto Educacional Cristal Santista, na UNIBR - Faculdade de São Vicente no curso de Educação Física, na Disciplina Educação Especial e Práticas Inclusivas - Libras, na Faculdade Marquês de Olinda no curso de Pedagogia, na Disciplina História da Educação, e atua também como formadora de Professores na Foccus Educacional e na Editora Moderna', NULL, NULL, '2018-08-03 17:21:26', '2018-08-03 17:21:26'),
('Glorita Faria Dos Santos', 125, 'Palestrante', NULL, NULL, NULL, 'Professora da rede Municipal de Santos, Pós-Graduada em Educação Infantil, Informática da Educação e Tutoria em Educação à distância. Tutora à distância do Curso Geração E - Aprendendo a Empreender, e professora responsável pela Oficina de Jogos Estratégicos do Complexo Educacional de Empreendedorismo, Tecnologia e Inovação  -  Parquinho Tecnológico.', NULL, NULL, '2018-08-03 17:22:22', '2018-08-03 17:22:22'),
('Daniela Dantas Campos', 126, 'Palestrante', NULL, NULL, NULL, 'Professora da rede Municipal de Santos, graduada em Ciências Biológicas, Pós-Graduada em Educação Inclusiva. Atua como Professora Orientadora de Informática Educativa e professora responsável pela Oficina de Jogos Estratégicos do Complexo Educacional de Empreendedorismo, Tecnologia e Inovação “Parquinho Tecnológico”.', NULL, NULL, '2018-08-03 17:22:42', '2018-08-03 17:22:42'),
('Karla Vaz Siqueira Cañete', 127, 'Palestrante', NULL, NULL, NULL, 'Professora nas áreas de Empreendedorismo, Logística, Marketing, Pedagogia e Gestão. Mestra em Gestão e Tecnologia em Sistemas Produtivos. MBA em Gestão Empresarial com ênfase em Marketing pela Universidade Santa Cecília. Pedagoga pela Universidade Cidade de São Paulo. Atuou como coordenadora na área de Gestão e Negócios do SENAC Santos (Serviço Nacional de Aprendizagem). Professora do MBA em Comércio Exterior e Negócios Internacionais e Gestão Portuária da Universidade Católica de Santos. Professora de Criação de empresas para Internet, Inovação e Empreendedorismo na Fatec Baixada Santista. Mediadora Presencial e on line do EAD da Fatec. Professora do Complexo Educacional de Empreendedorismo, Tecnologia e Inovação “Parquinho Tecnológico”. Conteudista do Grupo Kroton.', NULL, NULL, '2018-08-03 17:23:05', '2018-08-03 17:23:05'),
('Leandro Bravo Silva', 128, 'Palestrante', NULL, NULL, NULL, 'Graduado em Geografia e Técnico de Informática em Programação de Computadores. Professor de Geografia da rede Municipal de Santos, atua como Professor de Informática Educativa e Professor responsável pela Oficina de Linguagem de Programação do Complexo Educacional de Empreendedorismo, Tecnologia e Inovação “Parquinho Tecnológico”.\r\nDesenvolvedor de site esportivo e administrador de e-commerce. Atualmente cursa especialização em otimização de sites para o Google e marketing de conteúdo.', NULL, NULL, '2018-08-03 17:23:45', '2018-08-03 17:23:45'),
('Ana Paula Delaporta Rocha', 129, 'Palestrante', NULL, NULL, NULL, 'Formada em Magistério pela Escola Estadual Padre Jorge Mattar, em Letras pela Universidade do Sagrado Coração - Bauru, em Pedagogia pela Faculdade Dom Domênico - Guarujá e Pós Graduada em Gestão Escolar com ênfase em empreendedorismo social pela UNICAMP. Professora de Língua Portuguesa há 23 anos na Rede Estadual, atuou como professora da mesma disciplina na Rede Municipal de Santos, onde foi Coordenadora Pedagógica e há cinco anos atua como Gestora de Escola, sendo 4 anosna UME Irmã Maria Dolores.', NULL, NULL, '2018-08-03 17:24:02', '2018-08-03 17:24:02'),
('Luiz Felipe Rabelo dos Santos', 130, 'Palestrante', NULL, NULL, NULL, 'Graduado em Ciências Biológicas, Pós-Graduado em Dificuldades na Aprendizagem, Direito Educacional e Informática Educativa. Atua na Rede Municipal de Santos como Professor Orientador de Informática Educativa para Ensino Fundamental I, Professor responsável pela Oficina de Linguagem de Programação do Complexo Educacional de Empreendedorismo, Tecnologia e Inovação “Parquinho Tecnológico” e Professor Tutor EaD no NuED', NULL, NULL, '2018-08-03 17:24:07', '2018-08-03 17:24:07'),
('Graziella Fóz', 131, 'Palestrante', NULL, NULL, NULL, 'Professora de Ensino Fundamental II na PMS- Inglês (Aposentada em 01/08/2018). Pós graduada em Metodologia do ensino da Língua Inglesa - Faculdade São Luis -2004; Pós Graduada em Tecnologias da Educação – PUC/ RJ – 2007; Pós Graduada em Supervisão Escolar-IFGE/UNISANTA- 2014.  Gestora na UME Regina Altman desde 2014.', NULL, NULL, '2018-08-03 17:24:26', '2018-08-03 17:24:26'),
('Vander Soares', 132, 'Palestrante', NULL, NULL, NULL, 'Professor mestre em História pela Universidade Estadual Paulista Campus de Assis.', NULL, NULL, '2018-08-03 17:24:28', '2018-08-03 17:24:28'),
('Márcia Regina Marques', 133, 'Palestrante', NULL, NULL, NULL, 'Graduada em Letras, pela Pontifícia Universidade Católica de São Paulo e Pós-Graduada em Design Instrucional pela Universidade Federal de Itajubá.', NULL, NULL, '2018-08-03 17:24:52', '2018-08-03 17:24:52'),
('Melissa Fernandes', 134, 'Palestrante', NULL, NULL, NULL, 'Professora de Educação Infantil, Graduada em pedagogia e Pós-Graduada em Gestão Educacional', NULL, NULL, '2018-08-03 17:25:15', '2018-08-03 17:25:15'),
('Débora Souza da Silva', 135, 'Palestrante', NULL, NULL, NULL, 'Graduada em Pedagogia, Pós-Graduação em Educação Infantil e em Alfabetização e Letramento', NULL, NULL, '2018-08-03 17:25:39', '2018-08-03 17:25:39'),
('Sônia Maria Ferreira de Lima Barreto', 136, 'Palestrante', NULL, NULL, NULL, 'Professora com Formação em Magistério; Pedagogia em Educação Especial na área de Deficiência Visual, Administração Escolar e Orientação Educacional; Pós graduada em Educação Brasileira; Formação em Psicologia; Professora de Deficientes Visuais na Rede Estadual de Ensino no Vale do Ribeira ; Professora de Educação Infantil na Prefeitura Municipal de Santos desde 1988 até 2008. Orientadora Educacional na Prefeitura de Santos desde 2008, hoje atuando na UME Profª Margareth Buchmann.', NULL, NULL, '2018-08-03 17:25:51', '2018-08-03 17:25:51'),
('Fernando Veiga', 137, 'Palestrante', NULL, NULL, NULL, 'Professor, Pesquisador e Desenvolvedor de projetos didáticos na área de tecnologias educacionais para crianças e adolescentes. Trabalhando sobre a otica Open Source ensinando Liderança, empreendedorismo e inovação, seguindo os principios de jean piaget e Lev Vygotsky para construção de conhecimento por meio de informação e desafios. Como Community Manager abrir caminho para a o crescimento da comunidade com relações publicas e criando elos com outras entidades para auxiliar na dissiminação do saber de modo gratuito a todos.', NULL, NULL, '2018-08-03 17:26:05', '2018-08-03 17:26:05'),
('Eliane de Oliveira Prado', 138, 'Palestrante', NULL, NULL, NULL, 'Eliane de Oliveira Prado  – Professora de Educação Infantil na Prefeitura Municipal de Santos desde 2002, Pós Graduada em Educação Infantil e Gestão Escolar. Assistente de Direção da UME Maria Patricia.\r\nMárcia Mª Sobreira do Nascimento Sertorio -Licenciada em Educação Física pela UNIFOA/RJ, licenciada em Pedagogia pela UNIARARAS/SP, com Pós -graduação em Direito Educacional e Supervisão de Ensino. Participou da Equipe de Coordenadores de Educação Física no município de Praia Grande e da elaboração do Plano Referencial de Educação Física do Município de Cubatão. Atualmente é gestora da UME Gemma Rebello.', NULL, NULL, '2018-08-03 17:27:02', '2018-08-03 17:27:02'),
('Fabiana Riveiro', 139, 'Palestrante', NULL, NULL, NULL, 'Formada em Magistério pelo Colégio São José, em Pedagogia pela Universidade Católica de Santos e Pós graduada em Educação Empresarial pela Fundação Lusíadas. Atuou como professora de Educação Infantil, Orientadora Educacional e atualmente é chefe da Seção de Educação Infantil DEPED/SEDUC. Presidente da OMEP / Regional Baixada Santista.. Membro do CME e do Comitê da Primeira Infância onde participou da elaboração do Plano “Santos pela 1ª Infância”.', NULL, NULL, '2018-08-03 17:27:30', '2018-08-03 17:27:30'),
('Araceli A. Braz Lourenço', 140, 'Palestrante', NULL, NULL, NULL, 'Coordenadora Pedagógica da Ume Irmã Maria Dolores – Professora de Educação Infantil na Prefeitura Municipal de Santos desde 2002, pós graduada em Educação Infantil e em Pedagogia Empresarial.', NULL, NULL, '2018-08-03 17:29:48', '2018-08-03 17:29:48'),
('Eliete Pomponet Fidalgo', 141, 'Palestrante', NULL, NULL, NULL, 'Coordenadora Pedagógica da Ume Regina Altman – Professora de Educação Infantil na Prefeitura de Santos desde 2007, pós graduada em Gestão Escolar.', NULL, NULL, '2018-08-03 17:30:10', '2018-08-03 17:30:10'),
('Maria Claudia C. Marçal dos Santos', 142, 'Palestrante', NULL, NULL, NULL, 'Coordenadora Pedagógica da UME Maria Patrícia – Professora de Educação Fundamental na Prefeitura de Santos desde 1991, pós graduada em Ciências e Novas Tecnologias para a Educação.', NULL, NULL, '2018-08-03 17:30:33', '2018-08-03 17:30:33'),
('Milene Santos Leal Rodriguez', 143, 'Palestrante', NULL, NULL, NULL, 'Orientadora Educacional da UME Gemma Rebello – Professora de Educação Infantil na Prefeitura de Santos desde 1990, nomeada Orientadora Educacional em 2015, graduada em Pedagogia pela Universidade Católica de Santos, pós -graduada em Educação Infantil pela Faculdade São Luís de Jaboticabal.', NULL, NULL, '2018-08-03 17:30:55', '2018-08-03 17:30:55'),
('Bruno Lancellotti', 144, 'Palestrante', NULL, NULL, NULL, 'Bacharel em Relações Internacionais pela FAAP e conduziu um projeto de mestrado em Linguística Aplicada no Mackenzie. Em 2017 especializou-se em Technology Assisted Language Learning pelo NILE. Trabalha como consultor acadêmico para a Macmillan Education desde 2014, onde organiza palestras e treinamentos para professores, participa de eventos e congressos e conduz visitas pedagógico-comerciais a parceiros-chave visando potenciais adoções. Bruno está envolvido no ensino de línguas há mais de 16 anos.', NULL, NULL, '2018-08-03 17:31:43', '2018-08-03 17:31:43'),
('Margaret Pereira Valente', 145, 'Palestrante', NULL, NULL, NULL, 'Professora de Educação Especial na Prefeitura de Santos e Intérprete de Libras', NULL, NULL, '2018-08-03 17:32:22', '2018-08-03 17:32:22'),
('Marcio Roberto Ribeiro de Brito', 146, 'Palestrante', NULL, NULL, NULL, 'Professor de samba, bolero e forró há 9 anos na Academia Aerodança.', NULL, NULL, '2018-08-03 17:32:43', '2018-08-03 17:32:43'),
('Claudia Marczak', 147, 'Palestrante', NULL, NULL, NULL, 'Professora, escritora, psicóloga, pós-graduada em Ética, Valores e Cidadania. Possui 2 romances publicados pela Editora Penalux, um livro de contos publicado pela editora Patuá e uma colação de livros infantis publicados pela Editora Fabris. Atualmente mantém um projeto de leitura e intercâmbio cultural que une os falantes de Língua Portuguesa em diversos lugares do mundo.', NULL, NULL, '2018-08-03 17:33:47', '2018-08-03 17:33:47'),
('Josefa do Nascimento Silva', 148, 'Palestrante', NULL, NULL, NULL, 'Professora de educação infantil nos anos iniciais do ensino fundamental pela Fundação Educacional Dona Albertina;   graduação em pedagogia pela Universidade Metropolitana De Santos e pós-graduação lato-sensu em direito educacional  pela Faculdade XV de Agosto. Desde 2013, professora  adjunta de educação infantil na Prefeitura Municipal de Santos , e atualmente  com turma do maternal II  na  UME Gemma Rebello, atuando também no contra turno há 4 anos como mediadora da educação inclusiva do município.', NULL, NULL, '2018-08-03 17:34:24', '2018-08-03 17:34:24'),
('Natália de Menezes Silva Cerqueira', 149, NULL, NULL, NULL, NULL, 'Professora  adjunta de educação infantil na Prefeitura Municipal de Santos desde 2012, graduada em pedagogia pela Unimonte, com especialização em Ações Educativas na Coordenação Pedagógica pela Unisanta. Há doze anos atuando na primeira infância e neste ano é professora integrada na UME João Walter Sampaio Smolka e no contra turno desenvolve na mesma unidade o projeto \"Espaço Ludo-Sensorial: um pátio de possibilidades\" de sua autoria com o suporte da SEDUC/SEINF de Santos.', NULL, NULL, '2018-08-03 17:34:49', '2018-08-03 17:34:49'),
('Maria Emília Araujo França de Abreu', 150, 'Palestrante', NULL, NULL, NULL, 'Professora Mestre Graduada em Pedagogia, pós-graduada em Psicopedagogia, Metodologia do Ensino de Língua Portuguesa e Estrangeira, Psicomotricidade e Atendimento Educacional Especializado. Mestre em Educação. Professora concursada na Prefeitura Municipal de São Vicente (PMSV) e Prefeitura Municipal de Santos (PMS), com experiência na área educacional há 16 anos.', NULL, NULL, '2018-08-03 17:35:26', '2018-08-03 17:35:26'),
('Maria Jaqueline da Silva', 151, 'Palestrante', NULL, NULL, NULL, 'Certificada internacionalmente pela Universidade de Cambridge;\r\nProfessora de Inglês na escola pública, graduada em Letras;\r\nPós-Graduada pelo Programa de Estudos Pós-Graduados em Linguística Aplicada e Estudos da Linguagem-  PUC/SP \r\n Mestranda em Linguística Aplicada pelo LAEL – PUC/SP', NULL, NULL, '2018-08-03 17:37:09', '2018-08-03 17:37:09'),
('Adriana Aires', 152, 'Palestrante', NULL, NULL, NULL, 'Formada em dança clássica pela Escola Municipal de Bailado de Santos (1987).\r\nLicenciatura em Dança - Universidade Santa Cecília dos Bandeirantes(1992).\r\nPós-Graduada em Jogos Cooperativos - UNIMONTE (2004)\r\nBailarina e coreógrafa, DRT. 25512/SP\r\nFormação em Focalizador de Dança Circular dos Povos – TRIOM Centro de Estudos (2006)\r\nExtensão Universitária em Terapia Comunitária Integrativa certificada pela Universidade Federal do Ceará (2013)\r\nTerapeuta Sistêmica formada em Constelção Familiar Sistêmica e Costelação Estrutural com Tuco Gabriel em Santos. (2017)', NULL, NULL, '2018-08-03 17:37:50', '2018-08-03 17:37:50'),
('Irene Penteado Cotrim', 153, 'Palestrante', NULL, NULL, NULL, 'Pedagoga, Especialista em Educação Especial, Pós-Graduada em Jogos Cooperativos, Terapeuta Sistêmica e Familiar.', NULL, NULL, '2018-08-03 17:38:52', '2018-08-03 17:38:52'),
('Bruna Lucena Biscáia', 154, 'Palestrante', NULL, NULL, NULL, 'Assistente Social, Pedagoga, Psicopedagoga Institucional e Clínica, Especialista em Educação Inclusiva com ênfase em Deficiência Visual e Mestranda em Ensino.\r\nProfessora de Educação Infantil e Professora-Tutora do NuED (Núcleo de Educação a Distância),  ambos da Prefeitura Municipal de Santos.\r\nProfessora classificada em 3º lugar no Prêmio Educador Santista 2017 com o Projeto Bebês Brincantes #ludicidadeemação.', NULL, NULL, '2018-08-03 17:39:26', '2018-08-03 17:39:26'),
('Andréa dos Santos Silva', 155, 'Palestrante', NULL, NULL, NULL, 'Professora de Ens. Fundamental na Prefeitura Municipal de Santos com 11 anos de tempo no cargo.\r\n2º lugar no Prêmio Educador Santista 2017  com o Projeto “Revisão da História - Conhecer para Respeitar” \r\nFormação: \r\nMagistério do 1º grau - Colégio Cen.Wercelêncio Calixto da Mota.\r\nLetras; Habilitação em Português e Literaturas de Língua Portuguesa- UNEB( Universidade Estadual da Bahia)\r\nPós:Psicopedagogia- Unimes- Universidade Metropolitana de Santos\r\nGestão Escolar- FALC- Faculdade da Aldeia de Carapicuíba', NULL, NULL, '2018-08-03 17:40:05', '2018-08-03 17:40:05'),
('Fabiana Mendonça dos Santos', 156, 'Palestrante', NULL, NULL, NULL, 'Professora de Educação Infantil na Prefeitura Municipal de Santos com 6 anos no cargo.\r\nCoordenadora no Projeto Educafro- 10 anos no cargo.\r\nFormação: Pedagogia - Unisantos\r\nPós: Ética, valores e cidadania na escola - USP\r\nEducação Inclusiva. DI - Universidade de Morzateum.', NULL, NULL, '2018-08-03 17:40:38', '2018-08-03 17:40:38'),
('Anderson dos Santos Andrade', 157, 'Palestrante', NULL, NULL, NULL, '- Magistério – Escola Municipal Acácio de Paula Leite Sampaio\r\n- Comunicação Social – Rádio e Tv – Unimonte (1999-2002)\r\n- Complementação Pedagógica – Unimonte (2007-2009)\r\n- Letras – Unimonte (2003- 2006)\r\n- Especialização em Educação Integral – UFSCAR(2011- 2012)', NULL, NULL, '2018-08-03 17:41:10', '2018-08-03 17:41:10'),
('Ana Cláudia Pires', 158, 'Palestrante', NULL, NULL, NULL, 'Formadora pelo Instituto Paulo Freire e Fundação Lemann sobre os temas: Design Think, Metodologias Ativas, Cultura Maker, Escola de tempo integral, Educação baseada em projetos, lógica de programação, educação áudio-visual, ECA e Direitos Humanos.', NULL, NULL, '2018-08-03 17:42:16', '2018-08-03 17:42:16'),
('Rodrigo Lopes Chaves França', 159, 'Palestrante', NULL, NULL, NULL, 'Graduado em Letras pela Católica de Santos; Pós-Graduado em Gestão Escolar e Docência do Ensino Superior. Estudante do 4º ano de Direito. Atualmente coordena o Geração E... Aprendendo a Empreender pela Seção Núcleo Tecnológico de Santos - Senutec.', NULL, NULL, '2018-08-03 17:42:49', '2018-08-03 17:42:49'),
('Carolina Stella Nascimento dos Santos', 160, 'Palestrante', NULL, NULL, NULL, 'Bióloga, Pedagoga, Pós-Graduada em Educação Infantil e em Mídias na Educação. Professora da rede Estadual de Ensino e da rede Municipal de Santos, onde atua como Professora Orientadora de Informática Educativa (POIE) e tutora virtual do curso Geração E... Aprendendo a Empreender.', NULL, NULL, '2018-08-03 17:43:12', '2018-08-03 17:43:12'),
('Bernadete Aparecida Maia Silveira', 161, 'Palestrante', NULL, NULL, NULL, 'Graduada em Pedagogia e Pós-Graduada em Gestão Escolar. Atua como tutora do curso Geração E... Aprendendo a Empreender.', NULL, NULL, '2018-08-03 17:43:35', '2018-08-03 17:43:35'),
('Silvana Santiago Viana', 162, 'Palestrante', NULL, NULL, NULL, 'Graduada em Pedagogia na Universidade Católica de Santos,  Pós-Graduada em Ética,Valores e Cidadania na Escola (USP) e em Informática na Educação - Faculdade de Carapicuíba(FALC). Atua como POIE e tutora do curso Geração E... Aprendendo a Empreender.', NULL, NULL, '2018-08-03 17:44:03', '2018-08-03 17:44:03'),
('Carolina Quattrer Pinheiro da Silva', 163, 'Palestrante', NULL, NULL, NULL, 'Professora Orientadora de Informática Educativa desde 2008. Pedagoga, Pós-Graduada em Informática Educativa e Extensão em Mídias na Educação.', NULL, NULL, '2018-08-03 17:46:27', '2018-08-03 17:46:27'),
('Márcia Amélia Fonseca de Almeida', 164, 'Palestrante', NULL, NULL, NULL, 'Professora de Educação Infantil, Pedagoga com Pós-Graduação em Psicopedagogia. Atuou como Orientadora Educacional em UMEs da Rede Pública Municipal de Santos e como Psicopedagoga clínica na Comunhão Hermética do Pensamento em Vicente de Carvalho. Escotista desde 1992 e uma das Coordenadoras do Projeto Aluno Sempre Alerta', NULL, NULL, '2018-08-03 17:47:05', '2018-08-03 17:47:05'),
('Halailton Alexandre da Mota Rodrigues', 165, 'Palestrante', NULL, NULL, NULL, 'Analista de Sistemas de TV Sr – SKY Brasil; Especialista em Tecnologias e Sistemas de Informação – UFABC; Tecnólogo em Informática para Gestão em Negócios – FATEC-PG; Tecnólogo em Processamento de Dados – FATEC-TQ; Graduando em Engenharia da Computação – UNIVESP', NULL, NULL, '2018-08-03 17:48:53', '2018-08-03 17:48:53'),
('Claudia Regina Bazoli Silva Villar', 166, 'Palestrante', NULL, NULL, NULL, 'Mestre em Práticas Docentes no Ensino Fundamental, pela Universidade Metropolitana de Santos - UNIMES Especialização em Gestão Escolar Integrada Gestão/Supervisão/Orientação. Faculdade Internacional Signorelli, FISIG, Brasil Especialização em Geografia pela Universidade Estadual Paulista Júlio de Mesquita Filho; - UNESP Graduação em Geografia pela Sociedade de Cultura e Educação do Litoral Sul Professora de educação básica II do Governo do Estado de São Paulo e da Prefeitura Municipal de Santos, onde exerce a função de POIE (Professor Orientador de Informática Educativa) desde 2013. Projetos desenvolvidos na função POIE: Arkos: ler é poder (2017-atual); Khan Academy (2014-atual); Geração E: Aprendendo a empreender (2017-atual)', NULL, NULL, '2018-08-03 17:49:27', '2018-08-03 17:49:27'),
('Simone Regina Baracat Bueno', 167, 'Palestrante', NULL, NULL, NULL, 'Graduada em Geografia pela UNISANTOS, Mestranda em Prática Docentes no Ensino Fundamental pela UNIMES e Pós Graduada em Gestão Escolar pelo Instituto Educacional JC Elis. Atuação no Magistério há 30 anos. Atualmente atua como prof. tutora do NuED Santos e professora de Geografia do Ensino Fundamental na Prefeitura Municipal de Santos, além de professora do Ensino Médio e Curso Pré-Vestibular do COC Universitário de Santos.', NULL, NULL, '2018-08-03 17:50:19', '2018-08-03 17:50:19'),
('Carlos Eduardo Silva Fontoura', 168, 'Palestrante', NULL, NULL, NULL, 'Professor de Inglês há 20 anos e atua no NuED há mais de 10 anos. Psicopedagogo e Mestre em Ensino pela Universidade Federal de São Paulo. Apresentou 3 artigos em Congressos Internacionais de EaD; e é co-autor do livro digital “Educação, tecnologias e empoderamento Freireano: desafios e possibilidades dos grupos sociais contemporâneos”.', NULL, NULL, '2018-08-03 17:50:48', '2018-08-03 17:50:48'),
('Antonio Celso C. L. Sousa', 169, 'Palestrante', NULL, NULL, NULL, 'Físico (IFGW/UNICAM), educador e um inventor.\r\nAtualmente é educador do Espaço de tecnologias e artes, e desenvolvedor de sistemas embarcados.', NULL, NULL, '2018-08-03 17:51:10', '2018-08-03 17:51:10'),
('Kelvia Ronqui', 170, 'Palestrante', NULL, NULL, NULL, 'Graduada em matemática e pedagogia; desde 2008, professora da rede municipal de ensino de Santos e São Vicente. Pós-graduada em Alfabetização e Letramento e em Gestão Escolar. Responsável pela implementação do curso “Scratch Code” no formato semipresencial na Plataforma Moodle. Integrante da Seção de Educação de Jovens e Adultos da Secretaria Municipal de Educação de Santos.', NULL, NULL, '2018-08-03 17:51:32', '2018-08-03 17:51:32'),
('Ricardo Seara Neto', 171, 'Palestrante', NULL, NULL, NULL, 'Formado em Gestão Ambiental na Universidade de São Paulo, atuou por 4 anos em consultorias de sustentabilidade onde participou da gestão de projetos de impacto social, Educação e Cultura, Longevidade, bem como indicadores de performance socioambiental. Atua há 3 anos com dando aulas de criação de jogos digitais para alunos do Ensino Fundamental e Médio, na formação de professores e em consultoria de negócio para startups EdTechs e projetos maker, tendo sua startup acelerada pelo programa EdTech Growth da FutureEducation. Representa a iniciativa TeacherQuest no Brasil, que prepara educadores para aplicar conceitos de game-like learning em sala de aula, seja através de gamificação ou ainda da utilização de game design para criação de experiências de aprendizagem que engajam os estudantes, conduzindo ao desenvolvimento das competências do século XXI e à um aprendizado significativo.', NULL, NULL, '2018-08-03 17:52:23', '2018-08-03 17:52:23'),
('Kaio dos Santos Barbosa', 172, 'Palestrante', NULL, NULL, NULL, 'Graduado em Engenharia Eletrônica, Técnico em Eletrônica, startup de Tecnologia Educacional, trabalhou como desenvolvedor de circuitos eletrônicos para o Museu de Ciências CAtavento Cultural e Educacional, Organização Social de Cultura do Governo do Estado de São Paulo. É formado em Eletrônica, Automação Industrial e Eletroeletrônica pela instituição SENAI Roberto Simonsen e atualmente está cursando o 4º ano de Engenharia Eletrônica .', NULL, NULL, '2018-08-03 17:52:54', '2018-08-03 17:52:54'),
('Natasha Guerrize', 173, 'Palestrante', NULL, NULL, NULL, 'Jornalista formada em Comunicação Social (Jornalismo) e mestranda em Educação pela Universidade Católica de Santos (UniSantos), com experiência na área de Assessoria de Imprensa e Comunicação, Treinamento de Mídia e Gestão de Crise em Comunicação. Atuou em diversas redações de veículos de comunicação, com passagens pela extinta Rádio Cultura FM, Jornal Boqnews e TV Tribuna (afiliada TV Globo) como repórter setorista do Globoesporte.com e G1- O Portal de Notícias da Globo. Atualmente, responde pela assessoria de imprensa da Universidade Metropolitana de Santos (UNIMES). É fundadora/editora do site Campus 013 e membro da Associação de Jornalistas de Educação (JEDUCA).', NULL, NULL, '2018-08-03 17:53:33', '2018-08-03 17:53:33'),
('Ana Maria Fontoura Galvanese', 174, 'Palestrante', NULL, NULL, NULL, 'Tradutora intérprete de libras há 10 anos, pedagoga com ênfase na deficiência intelectual e Pós-Graduação pela FAAG em língua brasileira de sinais. Atualmente é intérprete na Universidade Federal.', NULL, NULL, '2018-08-03 17:53:58', '2018-08-03 17:53:58'),
('Janaína Melques', 175, 'Palestrante', NULL, NULL, NULL, 'Leciona Educação Física na rede municipal de Santos e atua como docente nos cursos de Pedagogia da FABE (Faculdade Bertioga) e Unimes (Universidade Metropolitana de Santos). Possui formação pela Escola livre de Circo de Santos, graduação em Educação Física e Pedagogia, especialização em Educação Física escolar e Mestrado em Gestão e Práticas Educacionais.', NULL, NULL, '2018-08-03 17:54:21', '2018-08-03 17:54:21'),
('Tiago Efrem Andreeta', 176, 'Palestrante', NULL, NULL, NULL, 'Mestrando em Ensino pela Universidade Metropolitana de Santos (UNIMES), pós graduado em Direito Educacional Psicopedagogia Institucional, graduado em Pedagogia pela UNESP e em Letras pela UNIP, licenciado para o Magistério pelo Centro Específico de Formação e Aperfeiçoamento para o Magistério. Professor há 14 anos, já atuou em escolas diversas, com salas de educação infantil, ensino fundamental, POIE, PATE e atualmente integra a equipe de formadores da Seção de Formação Continuada – SEFORM.', NULL, NULL, '2018-08-03 17:55:13', '2018-08-03 17:55:13'),
('Fabrício Cruz F. da Silva', 177, 'Palestrante', NULL, NULL, NULL, 'Mestrando em Ensino, História e Filosofia das Ciências e Matemática na Universidade Federal do ABC - UFABC, Especialista em Ciência e Tecnologia pela Universidade Federal do ABC - UFABC. Bacharel e licenciado em Ciências Biológicas pela Universidade Santa Cecília, com extensão universitária em Terapia Celular e em Neuropsicologia do Desenvolvimento. Professor de Ciências na rede municipal de educação. Integrante da equipe de formadores da Seção de Formação da Secretaria de Educação de Santos.', NULL, NULL, '2018-08-03 17:56:08', '2018-08-03 17:56:08'),
('Roseane Cristina Hoehne Matias', 178, 'Palestrante', NULL, NULL, NULL, 'Especialista em Novas Tecnologias no Ensino da Matemática pela Universidade Federal Fluminense - UFF. Graduada em Pedagogia pela UNIMONTE. Licenciada em Ciências com habilitação plena em Matemática pela UNISANTOS. Professora de Educação Básica na rede municipal de educação há mais de 25 anos. Integrante da equipe de formadores da Seção de Formação da Secretaria de Educação de Santos.', NULL, NULL, '2018-08-03 17:56:36', '2018-08-03 17:56:36'),
('Márcia Al Alam Olmedija', 179, 'Palestrante', NULL, NULL, NULL, 'Especialista em Educação Matemática pela PUC/RS. Licenciada em Ciências com habilitação plena em Matemática pela PUC/RS.Professora da rede privada e pública. Formadora pelo Instituto Abapur e Editora Moderna. Integrante da equipe de formadores da Seção de Formação da Secretaria de Educação de Santos', NULL, NULL, '2018-08-03 17:56:56', '2018-08-03 17:56:56'),
('Márcia Al Alam Olmedija', 180, 'Palestrante', NULL, NULL, NULL, 'Especialista em Educação Matemática pela PUC/RS. Licenciada em Ciências com habilitação plena em Matemática pela PUC/RS.Professora da rede privada e pública. Formadora pelo Instituto Abapur e Editora Moderna. Integrante da equipe de formadores da Seção de Formação da Secretaria de Educação de Santos', NULL, NULL, '2018-08-03 17:58:17', '2018-08-03 17:58:17'),
('Renato Frosch', 181, 'Palestrante', NULL, NULL, NULL, 'Filho de professores, pesquisador e militante da cultura maker e suas relações com ensino fundamental, médio e superior. Em outubro, acelerá projeto na Argentina, com equipe de mais 9 colaboradores de diferentes países: Impressão em 3D de modelos para aprendizagem.', NULL, NULL, '2018-08-03 17:58:51', '2018-08-03 17:58:51'),
('Alan Queiroz da Costa', 182, 'Palestrante', NULL, NULL, NULL, 'Professor de Educação Física e Pedagogo, Especialista em Educação Física Escolar e em Gestão do Esporte e Lazer, Mestre em Ciências da Motricidade Humana (UNESP-RC) e Doutor em Ciências da Comunicação (ECA/USP-SP). Atualmente Gestor Técnico da Secretaria Municipal de Esportes e Lazer de São Paulo (SEME) / PMSP.Pesquisador Associado do NACE Escola do Futuro USP e do Grupo de Estudos e Pesquisas em Comunicação e Marketing no Esporte (GEPECOM) da EEFE/USP. Membro do Colégio Brasileiro de Ciências do Esporte (CBCE/GTT2-Comunicação e Mídia) Tem experiência e desenvolve estudos e pesquisas nas áreas de Educação, Educação Física Escolar, Comunicação, Mídias e Plataformas Digitais, Jogos Digitais, Gestão e Planejamento do Esporte e Lazer.', NULL, NULL, '2018-08-03 17:59:19', '2018-08-03 17:59:19'),
('Glorita Faria Dos Santos', 183, 'Palestrante', NULL, NULL, NULL, 'Professora da rede Municipal de Santos, Pós-Graduada em Educação Infantil, Informática da Educação e Tutoria em Educação à distância. Tutora à distância do Curso Geração E - Aprendendo a Empreender, e professora responsável pela Oficina de Jogos Estratégicos do Complexo Educacional de Empreendedorismo, Tecnologia e Inovação  -  Parquinho Tecnológico.', NULL, NULL, '2018-08-03 17:59:47', '2018-08-03 17:59:47'),
('Daniela Dantas Campos', 184, 'Palestrante', NULL, NULL, NULL, 'Professora da rede Municipal de Santos, graduada em Ciências Biológicas, Pós-Graduada em Educação Inclusiva. Atua como Professora Orientadora de Informática Educativa e professora responsável pela Oficina de Jogos Estratégicos do Complexo Educacional de Empreendedorismo, Tecnologia e Inovação “Parquinho Tecnológico”', NULL, NULL, '2018-08-03 18:00:17', '2018-08-03 18:00:17'),
('Karla Vaz Siqueira Cañete', 185, 'Palestrante', NULL, NULL, NULL, 'Professora nas áreas de Empreendedorismo, Logística, Marketing, Pedagogia e Gestão. Mestra em Gestão e Tecnologia em Sistemas Produtivos. MBA em Gestão Empresarial com ênfase em Marketing pela Universidade Santa Cecília. Pedagoga pela Universidade Cidade de São Paulo. Atuou como coordenadora na área de Gestão e Negócios do SENAC Santos (Serviço Nacional de Aprendizagem). Professora do MBA em Comércio Exterior e Negócios Internacionais e Gestão Portuária da Universidade Católica de Santos. Professora de Criação de empresas para Internet, Inovação e Empreendedorismo na Fatec Baixada Santista. Mediadora Presencial e on line do EAD da Fatec. Professora do Complexo Educacional de Empreendedorismo, Tecnologia e Inovação “Parquinho Tecnológico”. Conteudista do Grupo Kroton.', NULL, NULL, '2018-08-03 18:01:17', '2018-08-03 18:01:17'),
('Leandro Bravo Silva', 186, 'Palestrante', NULL, NULL, NULL, 'Graduado em Geografia e Técnico de Informática em Programação de Computadores. Professor de Geografia da rede Municipal de Santos, atua como Professor de Informática Educativa e Professor responsável pela Oficina de Linguagem de Programação do Complexo Educacional de Empreendedorismo, Tecnologia e Inovação “Parquinho Tecnológico”.\r\nDesenvolvedor de site esportivo e administrador de e-commerce. Atualmente cursa especialização em otimização de sites para o Google e marketing de conteúdo.', NULL, NULL, '2018-08-03 18:01:41', '2018-08-03 18:01:41'),
('Flávio Campos', 187, 'Palestrante', NULL, NULL, NULL, 'Pedagogo, com Pós-doutorado pela Faculdade de Educação da USP. Doutor em Educação: Currículo pela PUC-SP e Doutor em Letras pelo Mackenzie. Mestre em Educação, Arte e História da Cultura pelo Mackenzie. Pesquisador visitante na escola de Educação da Universidade de Stanford - EUA. Tem experiência em docência e gestão escolar desde 2008 atuando com projetos de tecnologia na escola. Responsável pela implantação de projetos de robótica e engenharia na educação básica desde 2003.', NULL, NULL, '2018-08-03 18:02:17', '2018-08-03 18:02:17');

--
-- Indexes for dumped tables
--

--
-- Indexes for table `locations`
--

COMMIT;

/*!40101 SET CHARACTER_SET_CLIENT=@OLD_CHARACTER_SET_CLIENT */;
/*!40101 SET CHARACTER_SET_RESULTS=@OLD_CHARACTER_SET_RESULTS */;
/*!40101 SET COLLATION_CONNECTION=@OLD_COLLATION_CONNECTION */;
